relpath,sha256,size_bytes
publication_finalization/CLAIM_EVIDENCE_MATRIX.csv,115042b2ddf65f48bfcac57eb8e509bb937ad3510beac83b0feaa61dbef90215,1549
publication_finalization/COMPUTE_ESTIMATE.md,e08189848d66592fecaf08755bd1cb10f0c1b7edc40dcd05ca6f78566c24a793,4216
publication_finalization/configs/run_config.json,ae667b43298852d868f23db82d409cc46f5afcca9fcdd775877d1c5ebdb2f5d8,408
publication_finalization/CURRENT_EVIDENCE_AUDIT.md,894d7788511bd8d7d6ebc1b862062639bd4e8aec70dc378fc7abc84612cb6eaf,4757
publication_finalization/environment.yml,12e8033e9674bba14cea63f2b01f3f628a3364843e3c87314f94895912364601,197
publication_finalization/EVIDENCE_GAP_FILL.md,5d2a4703da0274847ff96be3747d7e78b4cad06515f93e1ba8218c58740e015a,3244
publication_finalization/EXPERIMENTAL_PROTOCOL.md,5030373bf29f4af8a0e58c0b87b0d16a72280535402f78e05d959183768fc527,2300
publication_finalization/figure_data/fig_agency_break.json,19e8bf712e9b596bcadcc41dcaac27c6f288281e9d495b4bd137a474373f01a0,1445
publication_finalization/figure_data/fig_architecture_schematic.json,fbfd470ed7a67ad5e75f40afd3337abc483e590e5a035d43c21817e7cd165465,85
publication_finalization/figure_data/fig_baselines_agency.json,2131ff0ec79c99d42952f390ab152869bdcac14f227316305994d32af5b7f5f0,2555
publication_finalization/figure_data/fig_baselines_homeostasis.json,d987dbe7bf5a79c2f40a616301cb4987ccf5effbf84888d550f004866811af94,3415
publication_finalization/figure_data/fig_env_shift.json,386550344ad632a764f96ad77dc04a471eda90cbd003c49ae9d1a9fa5974153a,41428
publication_finalization/figure_data/fig_historical_e1.json,f63f761acaf7a08c636e4560c14fbbb06da1ba07259498129e0c700ef311377a,1883
publication_finalization/figure_scripts/plot_publication_figures.py,c1bf8a233b82b25a59b458056cbecc8fd0ca4b3d788642e3045d5fdde7ec08fc,10815
publication_finalization/figures/fig_agency_break.png,e8da15f28dc86dcc9d6ee97a37caee28eabd3169a03b035f78e93338bfaa1e92,90915
publication_finalization/figures/fig_architecture_schematic.png,2f430eb1cb695693b5b6cf488a0d54ce4dfbe67c1ad7609eaf0c9c20bdd2843b,112432
publication_finalization/figures/fig_baselines_agency.png,6d3af01faa74b5d7746fe563428dae5bedf5af33947103beb4c931901ea8d427,97668
publication_finalization/figures/fig_baselines_homeostasis.png,2b174df2b70fc139d836da23c33db21ddc3972bb3bda176b7afdf6886d0e7eed,83401
publication_finalization/figures/fig_env_shift.png,03f307d69958249907a75a56054ebc0849794cf40969a431bcadd6b2d7bc5b95,90237
publication_finalization/figures/fig_historical_e1.png,cc06a94e6988ce078a9ca132fe53766989d1b12e3ad985aa9e3facf959c078bc,69481
publication_finalization/FINAL_RESULTS_MASTER.csv,8978ab28fc29daf9084c039a007e989258225c68e3089277b7117b04c282bf0b,9334
publication_finalization/FINAL_RESULTS_MASTER_n20.csv,8978ab28fc29daf9084c039a007e989258225c68e3089277b7117b04c282bf0b,9334
publication_finalization/FINAL_VALIDATION_REPORT.md,6323322740dbcf9c7a5e70d69de1a302b8274b13a500f19519524f34522357ce,1607
publication_finalization/git_commit.txt,2017f9911d9ff0a4b1bd4898bbeadc99e35e55a09311bc3161fadf940ecacfb6,19
publication_finalization/HARDWARE_SOFTWARE.json,be7919100f55bfbc96ad38ffd611ec6bffbce0a0c4a01d1d80e2a4302348b8be,402
publication_finalization/MANUSCRIPT_FACTS.md,58841f9cf17c83d3a8ea7793ec08556467a69c82b99290e981f77dd0eaef1e08,1891
publication_finalization/PACKAGE_MANIFEST.csv,916d75e48120d6202d3c7036dfc6c8e1427224d4b0300dd5cbdd7e859e974292,16524
publication_finalization/PAIRWISE_COMPARISONS.csv,71a63820d21bed6599be8958bd0ec2f28b62e6f59992feb392cdd11eb2773326,2771
publication_finalization/PAIRWISE_COMPARISONS_n20.csv,71a63820d21bed6599be8958bd0ec2f28b62e6f59992feb392cdd11eb2773326,2771
publication_finalization/raw_results/agency_break_B/run_meta.json,306a389a6938624d8d4bd26d86f6ca5cfb4b91fa0a7d10d560961e345a9c4712,356
publication_finalization/raw_results/agency_break_B/seed_summaries.csv,946352e967ab9ad7e3775f4b218c6d251940e3b4e0faa7ad671332e12eaf41c9,3919
publication_finalization/raw_results/baselines_A/run_meta.json,c434f1ebbdd6c2fc0f94e2a026e5bce2551e14bea8cd6de4524ee9f55787c820,423
publication_finalization/raw_results/baselines_A/seed_summaries.csv,14822c7c29a3ce62f292dd8977a6b1945d76d24b0136b3c96b3db1fd31e711f1,10809
publication_finalization/raw_results/e1e3_smoke_D/run_meta.json,97e61e00d5a612c863897490bead1b5d7aa2fc3a67a7dc372880117d912e9ec5,362
publication_finalization/raw_results/e1e3_smoke_D/seed_summaries.csv,40d2956861f9e972050d9a249989c515db331f4843c79a08efaed125aa19595f,1357
publication_finalization/raw_results/e1e3_smoke_D/SMOKE_NOTE.txt,10ca899f4b8ee6f822f7c11f9de394a0603fa285ae5733c70e1c709760fba5c7,149
publication_finalization/raw_results/env_shift_C/env_shift_raw.json,4cdb11a785f5dbab2e9892eea3291ef1e71daa3861a477b03b2c872042fbcacb,13973
publication_finalization/raw_results/env_shift_C/env_shift_seed_results.csv,67c3a738d584fd6c4c6834fccd0f9d5a0a07710473aed1fa20601d39ca104bff,4360
publication_finalization/raw_results/historical/arena_discrimination.json,6a20eb8573449ddcfe28d7be6530d7eeb2800979d12d28fde7d4a83bb30d429d,2063
publication_finalization/raw_results/historical/arena_thirst_unknown_water.csv,cd6c481f262b59064a674eaea077d0a5e7e8db285e871663c7dc01f92a40b49a,383
publication_finalization/raw_results/historical/bench_hw_notes.md,54fea8de7f44be25ffac4a75920553f4e36073030c2e19c2832af7cf382d6efe,742
publication_finalization/raw_results/historical/bench_tick_gpu.csv,c842093764a54fd31dd8b31c519b3618b69958774965c3790eda5c8b5b709465,475
publication_finalization/raw_results/historical/e1_full_summary.csv,e3b8201adf5426465b270d356572cde2f7dc79302db0944b8911216d616acbd1,849
publication_finalization/raw_results/historical/e1_noaffect_summary.csv,4ee9fa428490119f7b1c7cace574474f09e24ba3ea22e070fadb0a3dd523cf64,582
publication_finalization/raw_results/historical/e1_nobind_summary.csv,fe1458562e5de07a7d335c4f3dc4fe0dd2fac4aeb6b39ea8647fff596e4a1440,548
publication_finalization/raw_results/historical/e1_nohippo_summary.csv,1a501648230d52ee7afa1c75dbdcc5b0d1cb6499586d669ddda132b3511f2631,792
publication_finalization/raw_results/historical/e1_nopfc_summary.csv,61007b2c7f0d8dd2ecec6e73b8895b4a1c2ddf38b38ce412717bf7ca8d8074a0,468
publication_finalization/raw_results/historical/e2_llm_invariance.csv,035683f87fcac56dbe44169bcafcc1daf327f28aaae422b25d8133a9bb047a1a,123
publication_finalization/raw_results/historical/e3_sleep_recall.csv,3bbbda210452b2e2a385be6ea3a47163fa090542a0d62baa078bec8cbed2e5df,349
publication_finalization/raw_results/historical/e4_sleep_selective.csv,270039195ddc31b44894c1dc6197f60b90657714c9f9ef9307338eeb185abe60,1421
publication_finalization/raw_results/historical/e5_grounding.csv,9f136c8c4ae001c20b386516e783e3649a59a3f444828ad4584f8b579be270ef,879
publication_finalization/raw_results/historical/e7_multimodal.csv,e0283f128cc19ebd24cd56368e7ae1a128f9bd5a5bb32d35eaddabf97a167d83,848
publication_finalization/raw_results/historical/HISTORICAL_COPY_NOTE.json,79d83a3e9e8fbc9e6de9c17e14976aa4beda08b5a75088aa071d01d74a13e741,799
publication_finalization/raw_results/motor_audit_E/choice_key_assignments.txt,876d7b93cc2b319ed0497984f1e46c91fa4282ccdcd0f1f6e87ff5404d1094ce,1278
publication_finalization/raw_results/motor_audit_E/MOTOR_AUDIT.md,0219c2d22857d5c05b6aeed12452cd35289bea613cc9c28329ce011c3e76e4b7,3254
publication_finalization/raw_results/motor_audit_E/pytest_agency.txt,eee4879a76a14986c3a54c516c08e82a1c399a8f9a5f458e9b4e20f3e0295fdf,367
publication_finalization/raw_results/motor_audit_E/static_scan_summary.txt,dcb8e0e0c8066c874a89252822709b073a72e5e40f51bcca59d558e80b5a827e,239
publication_finalization/raw_results/n20_compact/agency_break_B/run_meta.json,803143d22b05def47b10da1d20cbeeb4f4b9a1eb85e3227fe3cd7677870ff567,356
publication_finalization/raw_results/n20_compact/agency_break_B/seed_summaries.csv,d6090fe4d1b0a30a2d7e7aae1ba231ea8844b561e5e59294b2d57d37648d89ad,8720
publication_finalization/raw_results/n20_compact/baselines_A/run_meta.json,618784a2faa4bd9c253478bd696f19b2ef42944b7527647f69b000646ff0bc53,424
publication_finalization/raw_results/n20_compact/baselines_A/seed_summaries.csv,5b2afbcbd56705407675c8a769e6e21493428d6ac6691e7ac2a2c2d0eb2f4583,23918
publication_finalization/raw_results/n20_compact/CAMPAIGN_RUNTIME.json,a6263ef78d9accf1781d996223320879b77488b15400dfbf2103774f18fa4012,381
publication_finalization/raw_results/n20_compact/e10k_smoke/run_meta.json,97ae118d588766d6ef1748b6ebaffa0411f6f8bbfe406ef400c42589119380eb,342
publication_finalization/raw_results/n20_compact/e10k_smoke/seed_summaries.csv,72d117383213d1f3b6209568c4ba6f1cdcb73fd57299009fbe9f923556ff26dd,1142
publication_finalization/raw_results/n20_compact/e10k_smoke/SMOKE_NOTE.txt,e904ffb392d0858892f071383299d284c8e66fa738f90203374ee0657723d344,155
publication_finalization/raw_results/n20_compact/env_shift_C/env_shift_raw.json,453d487204ea114c3f46154e6e6c9aa74e4ae459f1692ea60c3e814108cb22a7,28003
publication_finalization/raw_results/n20_compact/env_shift_C/env_shift_seed_results.csv,356d3061591e575d95a9cc6a91b958ddddf37856199758fc81feeafd5ee7cb08,8590
publication_finalization/raw_results/n20_compact/run_A.log,703e0e343d49c27eb22d8d68246de242c44758df6d590e85d82845a5adcaa09e,21180
publication_finalization/raw_results/n20_compact/run_B.log,32468ae82256b1eb7cd4b9c221e3fe3eda10d4551b83a6578601760648f1593d,8024
publication_finalization/raw_results/n20_compact/run_C.log,cc29e8ccc2f672b30320ba60b057b5f204a59d50d2172a672a924f418d77a704,6558
publication_finalization/raw_results/n20_compact/run_config.json,ae667b43298852d868f23db82d409cc46f5afcca9fcdd775877d1c5ebdb2f5d8,408
publication_finalization/raw_results/n20_compact/run_E10k_smoke.log,d3998bd2507ec74bf9abfaf2ae5bb658da9f3b289a287dd73be9bd65a1223a65,2086
publication_finalization/README.md,c0ab75e1d6729f8a76f24e4c62f2947913fc075bbca15d3bb2955a620a0f4388,613
publication_finalization/references/reference_verification.md,1b6019e3adc137eb5783af5f10173055994996adbbcd43878193998f7e75604b,1330
publication_finalization/references/verified_references.bib,eb08b1bf523ee05190ee81637b5da475a8e22ae0dfda4f4dcbbbccda5c735b0c,2084
publication_finalization/relevant_source/brain/affordance_map.py,18d40413dfd45776dbc6e78a51d02e270535e8907c899cd7939f7644eda95376,16860
publication_finalization/relevant_source/brain/agent_loop.py,f924996c2cfb99c5fa9c37b6a92af1aa8f568315eda947f76eb8d04864a81f50,43487
publication_finalization/relevant_source/brain/body.py,ea45e998b9bd6ebc395a78501abc3e36f52513feb984d89b95bfb4b467ccd969,9197
publication_finalization/relevant_source/brain/causal_hud.py,b78a7185176599240451b12d8d45e30a2312fd4966053223dc0b01ceac3878d3,2575
publication_finalization/relevant_source/brain/deliberation.py,7de500e51e24c12ab36c7e0b57ea148eba39540814552789957475b53ea65801,17794
publication_finalization/relevant_source/brain/experiment_flags.py,98cab61842c4afbd80343fb6e2bdc1a419952b71a740aa3bf89923382db5a549,5127
publication_finalization/relevant_source/brain/grounding.py,715a126cad850ef345b8f600b461f96b3224602128c1c8b98b7d1e28e0d77289,7832
publication_finalization/relevant_source/brain/intention.py,32abdd7c0ccd7d4cebe5f28f6b8cdec347d1d67eda39af167cbb7ca1ee05e17c,6016
publication_finalization/relevant_source/brain/language_cortex.py,5cf4b35daaaaddb26ddfd910b64f111b96007e6d9d08457aa3e97716c4b07db8,24478
publication_finalization/relevant_source/brain/mind.py,e6f4e52a3f76bed11351dc69aac3e57fba19cb06ce8e8d1cdd8982a711d024f3,101996
publication_finalization/relevant_source/brain/neuron.py,5830470d0113dccc176fc6c4a3a8327aed6b04f2fa11e5b3ff0bf2a7b0b33079,1851
publication_finalization/relevant_source/brain/profile.py,49fba05825f663ac1b240fb4e91714d5a649a28f3965ce3e38c5e63b5146d750,7061
publication_finalization/relevant_source/brain/sleep_architecture.py,cd1779969bf1b757c456a3c77faeb078de2e54a9a801f463072d0af4d87ee418,8405
publication_finalization/relevant_source/brain/td_reward.py,ca88d1e08c17cd17709dc57a70093f7f312efde6f5a128b56cf25104569a3c95,5358
publication_finalization/relevant_source/brain/world.py,72d12e78cfe1af9762e6ebd52fdf4783976d0f4a0a83b35332e3089389914247,42042
publication_finalization/relevant_source/experiments/ablation_flags.py,4054f417168ec3b92550f9a1858bf9572b0eb52b439de1c92a9019c72714d9f5,269
publication_finalization/relevant_source/experiments/arena/__init__.py,f1229da1f9dcc1b986eee8fe1a5fabbc30583ecbcdd15ab19e72199bdc3c30be,953
publication_finalization/relevant_source/experiments/arena/task_discrimination.py,8b03a5c6806755fbfba72384f7ec446cbce882075713f132342ff8136c756720,5338
publication_finalization/relevant_source/experiments/arena/task_transfer_fountain.py,c11dd0208e747b12d03df0bd16da90ce08d87370c41db6447f38a2a5b90b96e6,3833
publication_finalization/relevant_source/experiments/metrics.py,1f20e9269039039235adb6627e3ea9a9ac8abafb43d20e169ec4f58c489ee311,4494
publication_finalization/relevant_source/experiments/plot_figures.py,9dad22e6bbe9114faf771154a84d03892f9f5c641b2e89478713b49c9f27fa21,11355
publication_finalization/relevant_source/experiments/profile_select.py,8bfa1d9575d1da7793a9bebea25d44df89b8bc69c4c061230c26eabab65a9258,727
publication_finalization/relevant_source/experiments/README.md,a9c59d127719a3dec2602ffaae17d124a8de254ca3a54a6ba5800779bb4640ed,3910
publication_finalization/relevant_source/experiments/run_batch.py,71a2a0de53322eb4b9bfb24841276db77f805d0113c95de9e13ae50653583d26,9179
publication_finalization/relevant_source/tests/test_affordance_map.py,a7e7fbd9986f71d3b9ccf08b541ff4f3a59b9714e66d23d86e68bb5fa3444f82,6344
publication_finalization/relevant_source/tests/test_demo_hud.py,4752c072783f911899192258a50cb4d7faee3a1c9a3e656119d2126ecd08a0bf,2121
publication_finalization/relevant_source/tests/test_grounding.py,dc59145df6757a7ee8aa0b06ef18b015e7c6e2294082e432fc469a15abf7acd2,3634
publication_finalization/relevant_source/tests/test_intention_circuit.py,9c400d4b19aeaff22926163eb77201f415a95f8198394db10781fbeda944674e,2245
publication_finalization/relevant_source/tests/test_s7_scale_motor_multi.py,b19101149ead2cb53425f0e5d98cf568143c526552cac91400f699b9a9261bf3,3284
publication_finalization/relevant_source/tests/test_td_reward.py,dbeb62ef6e5b6f19a904135f0df21d9a6ed4f2768169bebcb28a573b54082170,3023
publication_finalization/reproduce_all.ps1,d5ed62df479173f47a766459fe409073ef0c2fda78ccde84b3182d1731c2b8ae,937
publication_finalization/reproduce_all.sh,66b1d92f003431433d1dd9b864e49e3ac1e2597f7594ce9091cfb093d895d870,675
publication_finalization/REPRODUCTION_README.md,d20fbb6b27e3366b2e2deb69881e4a6fbb986e32e4b5ba4a77f7f2e3409e68fb,1793
publication_finalization/requirements-lock.txt,e0d8f4907e233760ddb8dde6aabb440300703c26d62a1e9961fb1f5e78f2d823,469
publication_finalization/SANITIZATION_REPORT.md,635072b4463bc80d377efddaaa8551e646a4c6ec9e648bcc38131428454a7102,1337
publication_finalization/scripts/build_stats.py,c5527468e311272996754ef931b30e6dc8e34ffa845a4fc92c5d0699768d0452,23561
publication_finalization/scripts/pack_final.py,53c9d72e7337fa8413831f07b9a23a7d6fba60b66ae8ce26c3a2a9409bee8ad3,18995
publication_finalization/scripts/run_motor_audit.py,72f0c9ef71805084363e028b3d405f5a0c6d29eb5f09b47025fbbabc3b9f0633,2375
publication_finalization/scripts/run_publication_experiments.py,ce2927b4b826c1c237ce5a8d51cdb2ce1258a7eb6a8ff72c1e30aefdebf70e0a,23896
publication_finalization/SEED_LEVEL_RESULTS.csv,535ae4903e65dc81fd94bc584d8109d4ab507097d34e0a6e78589ba20a050a6a,72153
publication_finalization/SEED_LEVEL_RESULTS_n20.csv,535ae4903e65dc81fd94bc584d8109d4ab507097d34e0a6e78589ba20a050a6a,72153
publication_finalization/STATISTICAL_REPORT.md,e86728b018429759abbbf22cd2c860fdfd809f64e0d7384cbbd911cf351b79aa,1748
publication_finalization/tables/FINAL_RESULTS_MASTER.csv,8978ab28fc29daf9084c039a007e989258225c68e3089277b7117b04c282bf0b,9334
publication_finalization/tables/FINAL_RESULTS_MASTER_n20.csv,8978ab28fc29daf9084c039a007e989258225c68e3089277b7117b04c282bf0b,9334
publication_finalization/tables/PAIRWISE_COMPARISONS.csv,71a63820d21bed6599be8958bd0ec2f28b62e6f59992feb392cdd11eb2773326,2771
publication_finalization/tables/PAIRWISE_COMPARISONS_n20.csv,71a63820d21bed6599be8958bd0ec2f28b62e6f59992feb392cdd11eb2773326,2771
publication_finalization/tables/SEED_LEVEL_RESULTS.csv,535ae4903e65dc81fd94bc584d8109d4ab507097d34e0a6e78589ba20a050a6a,72153
publication_finalization/tables/SEED_LEVEL_RESULTS_n20.csv,535ae4903e65dc81fd94bc584d8109d4ab507097d34e0a6e78589ba20a050a6a,72153
NEXO_ADAPTIVE_BEHAVIOR_FINAL_PACK.zip,2eab3289a55361119e6328d1a0f9bf8cbe676b1f75d828e70d5a66b117a9d4d5,644972
