block,campaign,condition,seed,profile,n_neurons,steps,mean_agency,mean_spike_aligned,mean_drive_coherent,remembered_rate,mean_homeostatic_abs_dev,agency_override_rate,action_entropy_bits,critical_state_tick_rate,critical_state_tick_count,survival_time,git_commit,timestamp_utc,source_file,trajectories_identical,mean_recall,drank_success,phase2_success,ticks
A_baselines,n20_compact,full,0,neuro-biológico,624,100,0.19799999999999962,1.0,0.0,0.99,0.8931481539130509,0.0,0.7950402793845223,0.0,0.0,MISSING_not_formalized,NO_GIT_REPOSITORY,2026-07-22T21:59:48Z,publication_finalization\raw_results\n20_compact\baselines_A\seed_summaries.csv,,,,,
A_baselines,n20_compact,full,1,neuro-biológico,624,100,0.19799999999999962,1.0,0.0,0.99,0.8931481539130509,0.0,0.7950402793845223,0.0,0.0,MISSING_not_formalized,NO_GIT_REPOSITORY,2026-07-22T22:00:06Z,publication_finalization\raw_results\n20_compact\baselines_A\seed_summaries.csv,,,,,
A_baselines,n20_compact,full,2,neuro-biológico,624,100,0.19799999999999962,0.99,0.0,0.99,0.8931481539130509,0.0,0.8718511717297366,0.0,0.0,MISSING_not_formalized,NO_GIT_REPOSITORY,2026-07-22T22:00:25Z,publication_finalization\raw_results\n20_compact\baselines_A\seed_summaries.csv,,,,,
A_baselines,n20_compact,full,3,neuro-biológico,624,100,0.19799999999999962,0.99,0.0,0.99,0.8931481539130509,0.0,0.8718511717297366,0.0,0.0,MISSING_not_formalized,NO_GIT_REPOSITORY,2026-07-22T22:00:44Z,publication_finalization\raw_results\n20_compact\baselines_A\seed_summaries.csv,,,,,
A_baselines,n20_compact,full,4,neuro-biológico,624,100,0.19799999999999962,0.99,0.0,0.99,0.8931481539130509,0.0,0.8718511717297366,0.0,0.0,MISSING_not_formalized,NO_GIT_REPOSITORY,2026-07-22T22:01:02Z,publication_finalization\raw_results\n20_compact\baselines_A\seed_summaries.csv,,,,,
A_baselines,n20_compact,full,5,neuro-biológico,624,100,0.19799999999999962,0.99,0.0,0.99,0.8931481539130509,0.0,0.8718511717297366,0.0,0.0,MISSING_not_formalized,NO_GIT_REPOSITORY,2026-07-22T22:01:21Z,publication_finalization\raw_results\n20_compact\baselines_A\seed_summaries.csv,,,,,
A_baselines,n20_compact,full,6,neuro-biológico,624,100,0.19799999999999962,0.99,0.0,0.99,0.8931481539130509,0.0,0.8718511717297366,0.0,0.0,MISSING_not_formalized,NO_GIT_REPOSITORY,2026-07-22T22:01:39Z,publication_finalization\raw_results\n20_compact\baselines_A\seed_summaries.csv,,,,,
A_baselines,n20_compact,full,7,neuro-biológico,624,100,0.19799999999999962,0.99,0.0,0.99,0.8931481539130509,0.0,0.8718511717297366,0.0,0.0,MISSING_not_formalized,NO_GIT_REPOSITORY,2026-07-22T22:01:58Z,publication_finalization\raw_results\n20_compact\baselines_A\seed_summaries.csv,,,,,
A_baselines,n20_compact,full,8,neuro-biológico,624,100,0.19799999999999962,0.99,0.0,0.99,0.8931481539130509,0.0,0.8718511717297366,0.0,0.0,MISSING_not_formalized,NO_GIT_REPOSITORY,2026-07-22T22:02:17Z,publication_finalization\raw_results\n20_compact\baselines_A\seed_summaries.csv,,,,,
A_baselines,n20_compact,full,9,neuro-biológico,624,100,0.19799999999999962,0.99,0.0,0.99,0.8931481539130509,0.0,0.8718511717297366,0.0,0.0,MISSING_not_formalized,NO_GIT_REPOSITORY,2026-07-22T22:02:35Z,publication_finalization\raw_results\n20_compact\baselines_A\seed_summaries.csv,,,,,
A_baselines,n20_compact,full,10,neuro-biológico,624,100,0.19799999999999962,0.99,0.0,0.99,0.8931481539130509,0.0,0.8718511717297366,0.0,0.0,MISSING_not_formalized,NO_GIT_REPOSITORY,2026-07-22T22:02:54Z,publication_finalization\raw_results\n20_compact\baselines_A\seed_summaries.csv,,,,,
A_baselines,n20_compact,full,11,neuro-biológico,624,100,0.19799999999999962,0.99,0.0,0.99,0.8931481539130509,0.0,0.8718511717297366,0.0,0.0,MISSING_not_formalized,NO_GIT_REPOSITORY,2026-07-22T22:03:12Z,publication_finalization\raw_results\n20_compact\baselines_A\seed_summaries.csv,,,,,
A_baselines,n20_compact,full,12,neuro-biológico,624,100,0.19799999999999962,0.99,0.0,0.99,0.8931481539130509,0.0,0.8718511717297366,0.0,0.0,MISSING_not_formalized,NO_GIT_REPOSITORY,2026-07-22T22:03:31Z,publication_finalization\raw_results\n20_compact\baselines_A\seed_summaries.csv,,,,,
A_baselines,n20_compact,full,13,neuro-biológico,624,100,0.19799999999999962,0.99,0.0,0.99,0.8931481539130509,0.0,0.8718511717297366,0.0,0.0,MISSING_not_formalized,NO_GIT_REPOSITORY,2026-07-22T22:03:49Z,publication_finalization\raw_results\n20_compact\baselines_A\seed_summaries.csv,,,,,
A_baselines,n20_compact,full,14,neuro-biológico,624,100,0.19799999999999962,0.99,0.0,0.99,0.8931481539130509,0.0,0.8718511717297366,0.0,0.0,MISSING_not_formalized,NO_GIT_REPOSITORY,2026-07-22T22:04:09Z,publication_finalization\raw_results\n20_compact\baselines_A\seed_summaries.csv,,,,,
A_baselines,n20_compact,full,15,neuro-biológico,624,100,0.19799999999999962,0.99,0.0,0.99,0.8931481539130509,0.0,0.8718511717297366,0.0,0.0,MISSING_not_formalized,NO_GIT_REPOSITORY,2026-07-22T22:04:27Z,publication_finalization\raw_results\n20_compact\baselines_A\seed_summaries.csv,,,,,
A_baselines,n20_compact,full,16,neuro-biológico,624,100,0.19799999999999962,0.99,0.0,0.99,0.8931481539130509,0.0,0.8718511717297366,0.0,0.0,MISSING_not_formalized,NO_GIT_REPOSITORY,2026-07-22T22:04:46Z,publication_finalization\raw_results\n20_compact\baselines_A\seed_summaries.csv,,,,,
A_baselines,n20_compact,full,17,neuro-biológico,624,100,0.19799999999999962,0.99,0.0,0.99,0.8931481539130509,0.0,0.8718511717297366,0.0,0.0,MISSING_not_formalized,NO_GIT_REPOSITORY,2026-07-22T22:05:06Z,publication_finalization\raw_results\n20_compact\baselines_A\seed_summaries.csv,,,,,
A_baselines,n20_compact,full,18,neuro-biológico,624,100,0.19799999999999962,0.99,0.0,0.99,0.8931481539130509,0.0,0.8718511717297366,0.0,0.0,MISSING_not_formalized,NO_GIT_REPOSITORY,2026-07-22T22:05:26Z,publication_finalization\raw_results\n20_compact\baselines_A\seed_summaries.csv,,,,,
A_baselines,n20_compact,full,19,neuro-biológico,624,100,0.19799999999999962,0.99,0.0,0.99,0.8931481539130509,0.0,0.8718511717297366,0.0,0.0,MISSING_not_formalized,NO_GIT_REPOSITORY,2026-07-22T22:05:46Z,publication_finalization\raw_results\n20_compact\baselines_A\seed_summaries.csv,,,,,
A_baselines,n20_compact,reactive,0,neuro-biológico,624,100,0.0,0.87,0.56,0.99,0.8931481539130509,1.0,0.9895875212220557,0.0,0.0,MISSING_not_formalized,NO_GIT_REPOSITORY,2026-07-22T22:06:08Z,publication_finalization\raw_results\n20_compact\baselines_A\seed_summaries.csv,,,,,
A_baselines,n20_compact,reactive,1,neuro-biológico,624,100,0.0,0.87,0.56,0.99,0.8931481539130509,1.0,0.9895875212220557,0.0,0.0,MISSING_not_formalized,NO_GIT_REPOSITORY,2026-07-22T22:06:28Z,publication_finalization\raw_results\n20_compact\baselines_A\seed_summaries.csv,,,,,
A_baselines,n20_compact,reactive,2,neuro-biológico,624,100,0.0,0.87,0.56,0.99,0.8931481539130509,1.0,0.9895875212220557,0.0,0.0,MISSING_not_formalized,NO_GIT_REPOSITORY,2026-07-22T22:06:49Z,publication_finalization\raw_results\n20_compact\baselines_A\seed_summaries.csv,,,,,
A_baselines,n20_compact,reactive,3,neuro-biológico,624,100,0.0,0.87,0.56,0.99,0.8931481539130509,1.0,0.9895875212220557,0.0,0.0,MISSING_not_formalized,NO_GIT_REPOSITORY,2026-07-22T22:07:10Z,publication_finalization\raw_results\n20_compact\baselines_A\seed_summaries.csv,,,,,
A_baselines,n20_compact,reactive,4,neuro-biológico,624,100,0.0,0.87,0.56,0.99,0.8931481539130509,1.0,0.9895875212220557,0.0,0.0,MISSING_not_formalized,NO_GIT_REPOSITORY,2026-07-22T22:07:31Z,publication_finalization\raw_results\n20_compact\baselines_A\seed_summaries.csv,,,,,
A_baselines,n20_compact,reactive,5,neuro-biológico,624,100,0.0,0.87,0.56,0.99,0.8931481539130509,1.0,0.9895875212220557,0.0,0.0,MISSING_not_formalized,NO_GIT_REPOSITORY,2026-07-22T22:07:52Z,publication_finalization\raw_results\n20_compact\baselines_A\seed_summaries.csv,,,,,
A_baselines,n20_compact,reactive,6,neuro-biológico,624,100,0.0,0.87,0.56,0.99,0.8931481539130509,1.0,0.9895875212220557,0.0,0.0,MISSING_not_formalized,NO_GIT_REPOSITORY,2026-07-22T22:08:18Z,publication_finalization\raw_results\n20_compact\baselines_A\seed_summaries.csv,,,,,
A_baselines,n20_compact,reactive,7,neuro-biológico,624,100,0.0,0.87,0.56,0.99,0.8931481539130509,1.0,0.9895875212220557,0.0,0.0,MISSING_not_formalized,NO_GIT_REPOSITORY,2026-07-22T22:08:39Z,publication_finalization\raw_results\n20_compact\baselines_A\seed_summaries.csv,,,,,
A_baselines,n20_compact,reactive,8,neuro-biológico,624,100,0.0,0.87,0.56,0.99,0.8931481539130509,1.0,0.9895875212220557,0.0,0.0,MISSING_not_formalized,NO_GIT_REPOSITORY,2026-07-22T22:09:00Z,publication_finalization\raw_results\n20_compact\baselines_A\seed_summaries.csv,,,,,
A_baselines,n20_compact,reactive,9,neuro-biológico,624,100,0.0,0.87,0.56,0.99,0.8931481539130509,1.0,0.9895875212220557,0.0,0.0,MISSING_not_formalized,NO_GIT_REPOSITORY,2026-07-22T22:09:21Z,publication_finalization\raw_results\n20_compact\baselines_A\seed_summaries.csv,,,,,
A_baselines,n20_compact,reactive,10,neuro-biológico,624,100,0.0,0.87,0.56,0.99,0.8931481539130509,1.0,0.9895875212220557,0.0,0.0,MISSING_not_formalized,NO_GIT_REPOSITORY,2026-07-22T22:09:42Z,publication_finalization\raw_results\n20_compact\baselines_A\seed_summaries.csv,,,,,
A_baselines,n20_compact,reactive,11,neuro-biológico,624,100,0.0,0.87,0.56,0.99,0.8931481539130509,1.0,0.9895875212220557,0.0,0.0,MISSING_not_formalized,NO_GIT_REPOSITORY,2026-07-22T22:10:03Z,publication_finalization\raw_results\n20_compact\baselines_A\seed_summaries.csv,,,,,
A_baselines,n20_compact,reactive,12,neuro-biológico,624,100,0.0,0.87,0.56,0.99,0.8931481539130509,1.0,0.9895875212220557,0.0,0.0,MISSING_not_formalized,NO_GIT_REPOSITORY,2026-07-22T22:10:24Z,publication_finalization\raw_results\n20_compact\baselines_A\seed_summaries.csv,,,,,
A_baselines,n20_compact,reactive,13,neuro-biológico,624,100,0.0,0.87,0.56,0.99,0.8931481539130509,1.0,0.9895875212220557,0.0,0.0,MISSING_not_formalized,NO_GIT_REPOSITORY,2026-07-22T22:10:47Z,publication_finalization\raw_results\n20_compact\baselines_A\seed_summaries.csv,,,,,
A_baselines,n20_compact,reactive,14,neuro-biológico,624,100,0.0,0.87,0.56,0.99,0.8931481539130509,1.0,0.9895875212220557,0.0,0.0,MISSING_not_formalized,NO_GIT_REPOSITORY,2026-07-22T22:11:14Z,publication_finalization\raw_results\n20_compact\baselines_A\seed_summaries.csv,,,,,
A_baselines,n20_compact,reactive,15,neuro-biológico,624,100,0.0,0.87,0.56,0.99,0.8931481539130509,1.0,0.9895875212220557,0.0,0.0,MISSING_not_formalized,NO_GIT_REPOSITORY,2026-07-22T22:11:39Z,publication_finalization\raw_results\n20_compact\baselines_A\seed_summaries.csv,,,,,
A_baselines,n20_compact,reactive,16,neuro-biológico,624,100,0.0,0.87,0.56,0.99,0.8931481539130509,1.0,0.9895875212220557,0.0,0.0,MISSING_not_formalized,NO_GIT_REPOSITORY,2026-07-22T22:12:00Z,publication_finalization\raw_results\n20_compact\baselines_A\seed_summaries.csv,,,,,
A_baselines,n20_compact,reactive,17,neuro-biológico,624,100,0.0,0.87,0.56,0.99,0.8931481539130509,1.0,0.9895875212220557,0.0,0.0,MISSING_not_formalized,NO_GIT_REPOSITORY,2026-07-22T22:12:21Z,publication_finalization\raw_results\n20_compact\baselines_A\seed_summaries.csv,,,,,
A_baselines,n20_compact,reactive,18,neuro-biológico,624,100,0.0,0.87,0.56,0.99,0.8931481539130509,1.0,0.9895875212220557,0.0,0.0,MISSING_not_formalized,NO_GIT_REPOSITORY,2026-07-22T22:12:43Z,publication_finalization\raw_results\n20_compact\baselines_A\seed_summaries.csv,,,,,
A_baselines,n20_compact,reactive,19,neuro-biológico,624,100,0.0,0.87,0.56,0.99,0.8931481539130509,1.0,0.9895875212220557,0.0,0.0,MISSING_not_formalized,NO_GIT_REPOSITORY,2026-07-22T22:13:09Z,publication_finalization\raw_results\n20_compact\baselines_A\seed_summaries.csv,,,,,
A_baselines,n20_compact,nohippo,0,neuro-biológico,624,100,0.19799999999999962,0.99,0.0,0.0,0.8931481539130509,0.0,0.8718511717297366,0.0,0.0,MISSING_not_formalized,NO_GIT_REPOSITORY,2026-07-22T22:13:20Z,publication_finalization\raw_results\n20_compact\baselines_A\seed_summaries.csv,,,,,
A_baselines,n20_compact,nohippo,1,neuro-biológico,624,100,0.19799999999999962,0.99,0.0,0.0,0.8931481539130509,0.0,0.8718511717297366,0.0,0.0,MISSING_not_formalized,NO_GIT_REPOSITORY,2026-07-22T22:13:29Z,publication_finalization\raw_results\n20_compact\baselines_A\seed_summaries.csv,,,,,
A_baselines,n20_compact,nohippo,2,neuro-biológico,624,100,0.19799999999999962,0.99,0.0,0.0,0.8931481539130509,0.0,0.8718511717297366,0.0,0.0,MISSING_not_formalized,NO_GIT_REPOSITORY,2026-07-22T22:13:39Z,publication_finalization\raw_results\n20_compact\baselines_A\seed_summaries.csv,,,,,
A_baselines,n20_compact,nohippo,3,neuro-biológico,624,100,0.19799999999999962,0.99,0.0,0.0,0.8931481539130509,0.0,0.8718511717297366,0.0,0.0,MISSING_not_formalized,NO_GIT_REPOSITORY,2026-07-22T22:13:50Z,publication_finalization\raw_results\n20_compact\baselines_A\seed_summaries.csv,,,,,
A_baselines,n20_compact,nohippo,4,neuro-biológico,624,100,0.19799999999999962,0.99,0.0,0.0,0.8931481539130509,0.0,0.8718511717297366,0.0,0.0,MISSING_not_formalized,NO_GIT_REPOSITORY,2026-07-22T22:14:00Z,publication_finalization\raw_results\n20_compact\baselines_A\seed_summaries.csv,,,,,
A_baselines,n20_compact,nohippo,5,neuro-biológico,624,100,0.19799999999999962,0.99,0.0,0.0,0.8931481539130509,0.0,0.8718511717297366,0.0,0.0,MISSING_not_formalized,NO_GIT_REPOSITORY,2026-07-22T22:14:11Z,publication_finalization\raw_results\n20_compact\baselines_A\seed_summaries.csv,,,,,
A_baselines,n20_compact,nohippo,6,neuro-biológico,624,100,0.19799999999999962,0.99,0.0,0.0,0.8931481539130509,0.0,0.8718511717297366,0.0,0.0,MISSING_not_formalized,NO_GIT_REPOSITORY,2026-07-22T22:14:21Z,publication_finalization\raw_results\n20_compact\baselines_A\seed_summaries.csv,,,,,
A_baselines,n20_compact,nohippo,7,neuro-biológico,624,100,0.19799999999999962,0.99,0.0,0.0,0.8931481539130509,0.0,0.8718511717297366,0.0,0.0,MISSING_not_formalized,NO_GIT_REPOSITORY,2026-07-22T22:14:31Z,publication_finalization\raw_results\n20_compact\baselines_A\seed_summaries.csv,,,,,
A_baselines,n20_compact,nohippo,8,neuro-biológico,624,100,0.19799999999999962,0.99,0.0,0.0,0.8931481539130509,0.0,0.8718511717297366,0.0,0.0,MISSING_not_formalized,NO_GIT_REPOSITORY,2026-07-22T22:14:40Z,publication_finalization\raw_results\n20_compact\baselines_A\seed_summaries.csv,,,,,
A_baselines,n20_compact,nohippo,9,neuro-biológico,624,100,0.19799999999999962,0.99,0.0,0.0,0.8931481539130509,0.0,0.8718511717297366,0.0,0.0,MISSING_not_formalized,NO_GIT_REPOSITORY,2026-07-22T22:14:50Z,publication_finalization\raw_results\n20_compact\baselines_A\seed_summaries.csv,,,,,
A_baselines,n20_compact,nohippo,10,neuro-biológico,624,100,0.19799999999999962,0.99,0.0,0.0,0.8931481539130509,0.0,0.8718511717297366,0.0,0.0,MISSING_not_formalized,NO_GIT_REPOSITORY,2026-07-22T22:15:00Z,publication_finalization\raw_results\n20_compact\baselines_A\seed_summaries.csv,,,,,
A_baselines,n20_compact,nohippo,11,neuro-biológico,624,100,0.19799999999999962,0.99,0.0,0.0,0.8931481539130509,0.0,0.8718511717297366,0.0,0.0,MISSING_not_formalized,NO_GIT_REPOSITORY,2026-07-22T22:15:09Z,publication_finalization\raw_results\n20_compact\baselines_A\seed_summaries.csv,,,,,
A_baselines,n20_compact,nohippo,12,neuro-biológico,624,100,0.19799999999999962,0.99,0.0,0.0,0.8931481539130509,0.0,0.8718511717297366,0.0,0.0,MISSING_not_formalized,NO_GIT_REPOSITORY,2026-07-22T22:15:16Z,publication_finalization\raw_results\n20_compact\baselines_A\seed_summaries.csv,,,,,
A_baselines,n20_compact,nohippo,13,neuro-biológico,624,100,0.19799999999999962,0.99,0.0,0.0,0.8931481539130509,0.0,0.8718511717297366,0.0,0.0,MISSING_not_formalized,NO_GIT_REPOSITORY,2026-07-22T22:15:25Z,publication_finalization\raw_results\n20_compact\baselines_A\seed_summaries.csv,,,,,
A_baselines,n20_compact,nohippo,14,neuro-biológico,624,100,0.19799999999999962,0.99,0.0,0.0,0.8931481539130509,0.0,0.8718511717297366,0.0,0.0,MISSING_not_formalized,NO_GIT_REPOSITORY,2026-07-22T22:15:39Z,publication_finalization\raw_results\n20_compact\baselines_A\seed_summaries.csv,,,,,
A_baselines,n20_compact,nohippo,15,neuro-biológico,624,100,0.19799999999999962,0.99,0.0,0.0,0.8931481539130509,0.0,0.8718511717297366,0.0,0.0,MISSING_not_formalized,NO_GIT_REPOSITORY,2026-07-22T22:15:46Z,publication_finalization\raw_results\n20_compact\baselines_A\seed_summaries.csv,,,,,
A_baselines,n20_compact,nohippo,16,neuro-biológico,624,100,0.19799999999999962,0.99,0.0,0.0,0.8931481539130509,0.0,0.8718511717297366,0.0,0.0,MISSING_not_formalized,NO_GIT_REPOSITORY,2026-07-22T22:15:52Z,publication_finalization\raw_results\n20_compact\baselines_A\seed_summaries.csv,,,,,
A_baselines,n20_compact,nohippo,17,neuro-biológico,624,100,0.19799999999999962,0.99,0.0,0.0,0.8931481539130509,0.0,0.8718511717297366,0.0,0.0,MISSING_not_formalized,NO_GIT_REPOSITORY,2026-07-22T22:15:59Z,publication_finalization\raw_results\n20_compact\baselines_A\seed_summaries.csv,,,,,
A_baselines,n20_compact,nohippo,18,neuro-biológico,624,100,0.19799999999999962,0.99,0.0,0.0,0.8931481539130509,0.0,0.8718511717297366,0.0,0.0,MISSING_not_formalized,NO_GIT_REPOSITORY,2026-07-22T22:16:05Z,publication_finalization\raw_results\n20_compact\baselines_A\seed_summaries.csv,,,,,
A_baselines,n20_compact,nohippo,19,neuro-biológico,624,100,0.19799999999999962,0.99,0.0,0.0,0.8931481539130509,0.0,0.8718511717297366,0.0,0.0,MISSING_not_formalized,NO_GIT_REPOSITORY,2026-07-22T22:16:11Z,publication_finalization\raw_results\n20_compact\baselines_A\seed_summaries.csv,,,,,
A_baselines,n20_compact,no_homeostasis,0,neuro-biológico,624,100,0.0,1.0,0.0,0.99,0.0,0.01,0.0,0.0,0.0,MISSING_not_formalized,NO_GIT_REPOSITORY,2026-07-22T22:16:21Z,publication_finalization\raw_results\n20_compact\baselines_A\seed_summaries.csv,,,,,
A_baselines,n20_compact,no_homeostasis,1,neuro-biológico,624,100,0.0,1.0,0.0,0.99,0.0,0.01,0.0,0.0,0.0,MISSING_not_formalized,NO_GIT_REPOSITORY,2026-07-22T22:16:31Z,publication_finalization\raw_results\n20_compact\baselines_A\seed_summaries.csv,,,,,
A_baselines,n20_compact,no_homeostasis,2,neuro-biológico,624,100,0.0,1.0,0.0,0.99,0.0,0.01,0.0,0.0,0.0,MISSING_not_formalized,NO_GIT_REPOSITORY,2026-07-22T22:16:42Z,publication_finalization\raw_results\n20_compact\baselines_A\seed_summaries.csv,,,,,
A_baselines,n20_compact,no_homeostasis,3,neuro-biológico,624,100,0.0,1.0,0.0,0.99,0.0,0.01,0.0,0.0,0.0,MISSING_not_formalized,NO_GIT_REPOSITORY,2026-07-22T22:16:52Z,publication_finalization\raw_results\n20_compact\baselines_A\seed_summaries.csv,,,,,
A_baselines,n20_compact,no_homeostasis,4,neuro-biológico,624,100,0.0,1.0,0.0,0.99,0.0,0.01,0.0,0.0,0.0,MISSING_not_formalized,NO_GIT_REPOSITORY,2026-07-22T22:17:03Z,publication_finalization\raw_results\n20_compact\baselines_A\seed_summaries.csv,,,,,
A_baselines,n20_compact,no_homeostasis,5,neuro-biológico,624,100,0.0,1.0,0.0,0.99,0.0,0.01,0.0,0.0,0.0,MISSING_not_formalized,NO_GIT_REPOSITORY,2026-07-22T22:17:13Z,publication_finalization\raw_results\n20_compact\baselines_A\seed_summaries.csv,,,,,
A_baselines,n20_compact,no_homeostasis,6,neuro-biológico,624,100,0.0,1.0,0.0,0.99,0.0,0.01,0.0,0.0,0.0,MISSING_not_formalized,NO_GIT_REPOSITORY,2026-07-22T22:17:24Z,publication_finalization\raw_results\n20_compact\baselines_A\seed_summaries.csv,,,,,
A_baselines,n20_compact,no_homeostasis,7,neuro-biológico,624,100,0.0,1.0,0.0,0.99,0.0,0.01,0.0,0.0,0.0,MISSING_not_formalized,NO_GIT_REPOSITORY,2026-07-22T22:17:34Z,publication_finalization\raw_results\n20_compact\baselines_A\seed_summaries.csv,,,,,
A_baselines,n20_compact,no_homeostasis,8,neuro-biológico,624,100,0.0,1.0,0.0,0.99,0.0,0.01,0.0,0.0,0.0,MISSING_not_formalized,NO_GIT_REPOSITORY,2026-07-22T22:17:44Z,publication_finalization\raw_results\n20_compact\baselines_A\seed_summaries.csv,,,,,
A_baselines,n20_compact,no_homeostasis,9,neuro-biológico,624,100,0.0,1.0,0.0,0.99,0.0,0.01,0.0,0.0,0.0,MISSING_not_formalized,NO_GIT_REPOSITORY,2026-07-22T22:17:55Z,publication_finalization\raw_results\n20_compact\baselines_A\seed_summaries.csv,,,,,
A_baselines,n20_compact,no_homeostasis,10,neuro-biológico,624,100,0.0,1.0,0.0,0.99,0.0,0.01,0.0,0.0,0.0,MISSING_not_formalized,NO_GIT_REPOSITORY,2026-07-22T22:18:05Z,publication_finalization\raw_results\n20_compact\baselines_A\seed_summaries.csv,,,,,
A_baselines,n20_compact,no_homeostasis,11,neuro-biológico,624,100,0.0,1.0,0.0,0.99,0.0,0.01,0.0,0.0,0.0,MISSING_not_formalized,NO_GIT_REPOSITORY,2026-07-22T22:18:16Z,publication_finalization\raw_results\n20_compact\baselines_A\seed_summaries.csv,,,,,
A_baselines,n20_compact,no_homeostasis,12,neuro-biológico,624,100,0.0,1.0,0.0,0.99,0.0,0.01,0.0,0.0,0.0,MISSING_not_formalized,NO_GIT_REPOSITORY,2026-07-22T22:18:26Z,publication_finalization\raw_results\n20_compact\baselines_A\seed_summaries.csv,,,,,
A_baselines,n20_compact,no_homeostasis,13,neuro-biológico,624,100,0.0,1.0,0.0,0.99,0.0,0.01,0.0,0.0,0.0,MISSING_not_formalized,NO_GIT_REPOSITORY,2026-07-22T22:18:37Z,publication_finalization\raw_results\n20_compact\baselines_A\seed_summaries.csv,,,,,
A_baselines,n20_compact,no_homeostasis,14,neuro-biológico,624,100,0.0,1.0,0.0,0.99,0.0,0.01,0.0,0.0,0.0,MISSING_not_formalized,NO_GIT_REPOSITORY,2026-07-22T22:18:47Z,publication_finalization\raw_results\n20_compact\baselines_A\seed_summaries.csv,,,,,
A_baselines,n20_compact,no_homeostasis,15,neuro-biológico,624,100,0.0,1.0,0.0,0.99,0.0,0.01,0.0,0.0,0.0,MISSING_not_formalized,NO_GIT_REPOSITORY,2026-07-22T22:18:57Z,publication_finalization\raw_results\n20_compact\baselines_A\seed_summaries.csv,,,,,
A_baselines,n20_compact,no_homeostasis,16,neuro-biológico,624,100,0.0,1.0,0.0,0.99,0.0,0.01,0.0,0.0,0.0,MISSING_not_formalized,NO_GIT_REPOSITORY,2026-07-22T22:19:08Z,publication_finalization\raw_results\n20_compact\baselines_A\seed_summaries.csv,,,,,
A_baselines,n20_compact,no_homeostasis,17,neuro-biológico,624,100,0.0,1.0,0.0,0.99,0.0,0.01,0.0,0.0,0.0,MISSING_not_formalized,NO_GIT_REPOSITORY,2026-07-22T22:19:25Z,publication_finalization\raw_results\n20_compact\baselines_A\seed_summaries.csv,,,,,
A_baselines,n20_compact,no_homeostasis,18,neuro-biológico,624,100,0.0,1.0,0.0,0.99,0.0,0.01,0.0,0.0,0.0,MISSING_not_formalized,NO_GIT_REPOSITORY,2026-07-22T22:19:35Z,publication_finalization\raw_results\n20_compact\baselines_A\seed_summaries.csv,,,,,
A_baselines,n20_compact,no_homeostasis,19,neuro-biológico,624,100,0.0,1.0,0.0,0.99,0.0,0.01,0.0,0.0,0.0,MISSING_not_formalized,NO_GIT_REPOSITORY,2026-07-22T22:19:46Z,publication_finalization\raw_results\n20_compact\baselines_A\seed_summaries.csv,,,,,
A_baselines,n20_compact,nopfc,0,neuro-biológico,624,100,0.0,0.85,0.45,0.99,0.8943867984412792,0.0,0.9483806484984665,0.0,0.0,MISSING_not_formalized,NO_GIT_REPOSITORY,2026-07-22T22:20:10Z,publication_finalization\raw_results\n20_compact\baselines_A\seed_summaries.csv,,,,,
A_baselines,n20_compact,nopfc,1,neuro-biológico,624,100,0.0,0.85,0.45,0.99,0.8943867984412792,0.0,0.9483806484984665,0.0,0.0,MISSING_not_formalized,NO_GIT_REPOSITORY,2026-07-22T22:20:34Z,publication_finalization\raw_results\n20_compact\baselines_A\seed_summaries.csv,,,,,
A_baselines,n20_compact,nopfc,2,neuro-biológico,624,100,0.0,0.85,0.45,0.99,0.8943867984412792,0.0,0.9483806484984665,0.0,0.0,MISSING_not_formalized,NO_GIT_REPOSITORY,2026-07-22T22:20:59Z,publication_finalization\raw_results\n20_compact\baselines_A\seed_summaries.csv,,,,,
A_baselines,n20_compact,nopfc,3,neuro-biológico,624,100,0.0,0.85,0.45,0.99,0.8943867984412792,0.0,0.9483806484984665,0.0,0.0,MISSING_not_formalized,NO_GIT_REPOSITORY,2026-07-22T22:21:23Z,publication_finalization\raw_results\n20_compact\baselines_A\seed_summaries.csv,,,,,
A_baselines,n20_compact,nopfc,4,neuro-biológico,624,100,0.0,0.85,0.45,0.99,0.8943867984412792,0.0,0.9483806484984665,0.0,0.0,MISSING_not_formalized,NO_GIT_REPOSITORY,2026-07-22T22:21:48Z,publication_finalization\raw_results\n20_compact\baselines_A\seed_summaries.csv,,,,,
A_baselines,n20_compact,nopfc,5,neuro-biológico,624,100,0.0,0.85,0.45,0.99,0.8943867984412792,0.0,0.9483806484984665,0.0,0.0,MISSING_not_formalized,NO_GIT_REPOSITORY,2026-07-22T22:22:12Z,publication_finalization\raw_results\n20_compact\baselines_A\seed_summaries.csv,,,,,
A_baselines,n20_compact,nopfc,6,neuro-biológico,624,100,0.0,0.85,0.45,0.99,0.8943867984412792,0.0,0.9483806484984665,0.0,0.0,MISSING_not_formalized,NO_GIT_REPOSITORY,2026-07-22T22:22:36Z,publication_finalization\raw_results\n20_compact\baselines_A\seed_summaries.csv,,,,,
A_baselines,n20_compact,nopfc,7,neuro-biológico,624,100,0.0,0.85,0.45,0.99,0.8943867984412792,0.0,0.9483806484984665,0.0,0.0,MISSING_not_formalized,NO_GIT_REPOSITORY,2026-07-22T22:23:01Z,publication_finalization\raw_results\n20_compact\baselines_A\seed_summaries.csv,,,,,
A_baselines,n20_compact,nopfc,8,neuro-biológico,624,100,0.0,0.85,0.45,0.99,0.8943867984412792,0.0,0.9483806484984665,0.0,0.0,MISSING_not_formalized,NO_GIT_REPOSITORY,2026-07-22T22:23:26Z,publication_finalization\raw_results\n20_compact\baselines_A\seed_summaries.csv,,,,,
A_baselines,n20_compact,nopfc,9,neuro-biológico,624,100,0.0,0.85,0.45,0.99,0.8943867984412792,0.0,0.9483806484984665,0.0,0.0,MISSING_not_formalized,NO_GIT_REPOSITORY,2026-07-22T22:23:50Z,publication_finalization\raw_results\n20_compact\baselines_A\seed_summaries.csv,,,,,
A_baselines,n20_compact,nopfc,10,neuro-biológico,624,100,0.0,0.85,0.45,0.99,0.8943867984412792,0.0,0.9483806484984665,0.0,0.0,MISSING_not_formalized,NO_GIT_REPOSITORY,2026-07-22T22:24:14Z,publication_finalization\raw_results\n20_compact\baselines_A\seed_summaries.csv,,,,,
A_baselines,n20_compact,nopfc,11,neuro-biológico,624,100,0.0,0.85,0.45,0.99,0.8943867984412792,0.0,0.9483806484984665,0.0,0.0,MISSING_not_formalized,NO_GIT_REPOSITORY,2026-07-22T22:24:39Z,publication_finalization\raw_results\n20_compact\baselines_A\seed_summaries.csv,,,,,
A_baselines,n20_compact,nopfc,12,neuro-biológico,624,100,0.0,0.85,0.45,0.99,0.8943867984412792,0.0,0.9483806484984665,0.0,0.0,MISSING_not_formalized,NO_GIT_REPOSITORY,2026-07-22T22:25:03Z,publication_finalization\raw_results\n20_compact\baselines_A\seed_summaries.csv,,,,,
A_baselines,n20_compact,nopfc,13,neuro-biológico,624,100,0.0,0.85,0.45,0.99,0.8943867984412792,0.0,0.9483806484984665,0.0,0.0,MISSING_not_formalized,NO_GIT_REPOSITORY,2026-07-22T22:25:28Z,publication_finalization\raw_results\n20_compact\baselines_A\seed_summaries.csv,,,,,
A_baselines,n20_compact,nopfc,14,neuro-biológico,624,100,0.0,0.85,0.45,0.99,0.8943867984412792,0.0,0.9483806484984665,0.0,0.0,MISSING_not_formalized,NO_GIT_REPOSITORY,2026-07-22T22:25:52Z,publication_finalization\raw_results\n20_compact\baselines_A\seed_summaries.csv,,,,,
A_baselines,n20_compact,nopfc,15,neuro-biológico,624,100,0.0,0.85,0.45,0.99,0.8943867984412792,0.0,0.9483806484984665,0.0,0.0,MISSING_not_formalized,NO_GIT_REPOSITORY,2026-07-22T22:26:16Z,publication_finalization\raw_results\n20_compact\baselines_A\seed_summaries.csv,,,,,
A_baselines,n20_compact,nopfc,16,neuro-biológico,624,100,0.0,0.85,0.45,0.99,0.8943867984412792,0.0,0.9483806484984665,0.0,0.0,MISSING_not_formalized,NO_GIT_REPOSITORY,2026-07-22T22:26:41Z,publication_finalization\raw_results\n20_compact\baselines_A\seed_summaries.csv,,,,,
A_baselines,n20_compact,nopfc,17,neuro-biológico,624,100,0.0,0.85,0.45,0.99,0.8943867984412792,0.0,0.9483806484984665,0.0,0.0,MISSING_not_formalized,NO_GIT_REPOSITORY,2026-07-22T22:27:05Z,publication_finalization\raw_results\n20_compact\baselines_A\seed_summaries.csv,,,,,
A_baselines,n20_compact,nopfc,18,neuro-biológico,624,100,0.0,0.85,0.45,0.99,0.8943867984412792,0.0,0.9483806484984665,0.0,0.0,MISSING_not_formalized,NO_GIT_REPOSITORY,2026-07-22T22:27:30Z,publication_finalization\raw_results\n20_compact\baselines_A\seed_summaries.csv,,,,,
A_baselines,n20_compact,nopfc,19,neuro-biológico,624,100,0.0,0.85,0.45,0.99,0.8943867984412792,0.0,0.9483806484984665,0.0,0.0,MISSING_not_formalized,NO_GIT_REPOSITORY,2026-07-22T22:27:54Z,publication_finalization\raw_results\n20_compact\baselines_A\seed_summaries.csv,,,,,
A_baselines,n20_compact,td_direct,0,neuro-biológico,624,100,0.0,0.97,0.0,0.99,0.7953161471796131,1.0,0.0,0.0,0.0,MISSING_not_formalized,NO_GIT_REPOSITORY,2026-07-22T22:28:17Z,publication_finalization\raw_results\n20_compact\baselines_A\seed_summaries.csv,,,,,
A_baselines,n20_compact,td_direct,1,neuro-biológico,624,100,0.0,0.97,0.0,0.99,0.7953161471796131,1.0,0.0,0.0,0.0,MISSING_not_formalized,NO_GIT_REPOSITORY,2026-07-22T22:28:40Z,publication_finalization\raw_results\n20_compact\baselines_A\seed_summaries.csv,,,,,
A_baselines,n20_compact,td_direct,2,neuro-biológico,624,100,0.0,0.97,0.0,0.99,0.7953161471796131,1.0,0.0,0.0,0.0,MISSING_not_formalized,NO_GIT_REPOSITORY,2026-07-22T22:29:03Z,publication_finalization\raw_results\n20_compact\baselines_A\seed_summaries.csv,,,,,
A_baselines,n20_compact,td_direct,3,neuro-biológico,624,100,0.0,0.97,0.0,0.99,0.7953161471796131,1.0,0.0,0.0,0.0,MISSING_not_formalized,NO_GIT_REPOSITORY,2026-07-22T22:29:25Z,publication_finalization\raw_results\n20_compact\baselines_A\seed_summaries.csv,,,,,
A_baselines,n20_compact,td_direct,4,neuro-biológico,624,100,0.0,0.97,0.0,0.99,0.7953161471796131,1.0,0.0,0.0,0.0,MISSING_not_formalized,NO_GIT_REPOSITORY,2026-07-22T22:29:48Z,publication_finalization\raw_results\n20_compact\baselines_A\seed_summaries.csv,,,,,
A_baselines,n20_compact,td_direct,5,neuro-biológico,624,100,0.0,0.97,0.0,0.99,0.7953161471796131,1.0,0.0,0.0,0.0,MISSING_not_formalized,NO_GIT_REPOSITORY,2026-07-22T22:30:11Z,publication_finalization\raw_results\n20_compact\baselines_A\seed_summaries.csv,,,,,
A_baselines,n20_compact,td_direct,6,neuro-biológico,624,100,0.0,0.97,0.0,0.99,0.7953161471796131,1.0,0.0,0.0,0.0,MISSING_not_formalized,NO_GIT_REPOSITORY,2026-07-22T22:30:34Z,publication_finalization\raw_results\n20_compact\baselines_A\seed_summaries.csv,,,,,
A_baselines,n20_compact,td_direct,7,neuro-biológico,624,100,0.0,0.97,0.0,0.99,0.7953161471796131,1.0,0.0,0.0,0.0,MISSING_not_formalized,NO_GIT_REPOSITORY,2026-07-22T22:30:57Z,publication_finalization\raw_results\n20_compact\baselines_A\seed_summaries.csv,,,,,
A_baselines,n20_compact,td_direct,8,neuro-biológico,624,100,0.0,0.97,0.0,0.99,0.7953161471796131,1.0,0.0,0.0,0.0,MISSING_not_formalized,NO_GIT_REPOSITORY,2026-07-22T22:31:20Z,publication_finalization\raw_results\n20_compact\baselines_A\seed_summaries.csv,,,,,
A_baselines,n20_compact,td_direct,9,neuro-biológico,624,100,0.0,0.97,0.0,0.99,0.7953161471796131,1.0,0.0,0.0,0.0,MISSING_not_formalized,NO_GIT_REPOSITORY,2026-07-22T22:31:43Z,publication_finalization\raw_results\n20_compact\baselines_A\seed_summaries.csv,,,,,
A_baselines,n20_compact,td_direct,10,neuro-biológico,624,100,0.0,0.97,0.0,0.99,0.7953161471796131,1.0,0.0,0.0,0.0,MISSING_not_formalized,NO_GIT_REPOSITORY,2026-07-22T22:32:06Z,publication_finalization\raw_results\n20_compact\baselines_A\seed_summaries.csv,,,,,
A_baselines,n20_compact,td_direct,11,neuro-biológico,624,100,0.0,0.97,0.0,0.99,0.7953161471796131,1.0,0.0,0.0,0.0,MISSING_not_formalized,NO_GIT_REPOSITORY,2026-07-22T22:32:29Z,publication_finalization\raw_results\n20_compact\baselines_A\seed_summaries.csv,,,,,
A_baselines,n20_compact,td_direct,12,neuro-biológico,624,100,0.0,0.97,0.0,0.99,0.7953161471796131,1.0,0.0,0.0,0.0,MISSING_not_formalized,NO_GIT_REPOSITORY,2026-07-22T22:32:51Z,publication_finalization\raw_results\n20_compact\baselines_A\seed_summaries.csv,,,,,
A_baselines,n20_compact,td_direct,13,neuro-biológico,624,100,0.0,0.97,0.0,0.99,0.7953161471796131,1.0,0.0,0.0,0.0,MISSING_not_formalized,NO_GIT_REPOSITORY,2026-07-22T22:33:14Z,publication_finalization\raw_results\n20_compact\baselines_A\seed_summaries.csv,,,,,
A_baselines,n20_compact,td_direct,14,neuro-biológico,624,100,0.0,0.97,0.0,0.99,0.7953161471796131,1.0,0.0,0.0,0.0,MISSING_not_formalized,NO_GIT_REPOSITORY,2026-07-22T22:33:37Z,publication_finalization\raw_results\n20_compact\baselines_A\seed_summaries.csv,,,,,
A_baselines,n20_compact,td_direct,15,neuro-biológico,624,100,0.0,0.97,0.0,0.99,0.7953161471796131,1.0,0.0,0.0,0.0,MISSING_not_formalized,NO_GIT_REPOSITORY,2026-07-22T22:34:01Z,publication_finalization\raw_results\n20_compact\baselines_A\seed_summaries.csv,,,,,
A_baselines,n20_compact,td_direct,16,neuro-biológico,624,100,0.0,0.97,0.0,0.99,0.7953161471796131,1.0,0.0,0.0,0.0,MISSING_not_formalized,NO_GIT_REPOSITORY,2026-07-22T22:34:24Z,publication_finalization\raw_results\n20_compact\baselines_A\seed_summaries.csv,,,,,
A_baselines,n20_compact,td_direct,17,neuro-biológico,624,100,0.0,0.97,0.0,0.99,0.7953161471796131,1.0,0.0,0.0,0.0,MISSING_not_formalized,NO_GIT_REPOSITORY,2026-07-22T22:34:46Z,publication_finalization\raw_results\n20_compact\baselines_A\seed_summaries.csv,,,,,
A_baselines,n20_compact,td_direct,18,neuro-biológico,624,100,0.0,0.97,0.0,0.99,0.7953161471796131,1.0,0.0,0.0,0.0,MISSING_not_formalized,NO_GIT_REPOSITORY,2026-07-22T22:35:09Z,publication_finalization\raw_results\n20_compact\baselines_A\seed_summaries.csv,,,,,
A_baselines,n20_compact,td_direct,19,neuro-biológico,624,100,0.0,0.97,0.0,0.99,0.7953161471796131,1.0,0.0,0.0,0.0,MISSING_not_formalized,NO_GIT_REPOSITORY,2026-07-22T22:35:32Z,publication_finalization\raw_results\n20_compact\baselines_A\seed_summaries.csv,,,,,
B_agency_break,n20_compact,full,0,neuro-biológico,624,100,0.19799999999999962,0.99,0.0,0.99,0.8931481539130509,0.0,0.8718511717297366,0.0,0.0,MISSING_not_formalized,NO_GIT_REPOSITORY,2026-07-22T22:36:01Z,publication_finalization\raw_results\n20_compact\agency_break_B\seed_summaries.csv,,,,,
B_agency_break,n20_compact,full,1,neuro-biológico,624,100,0.19799999999999962,0.99,0.0,0.99,0.8931481539130509,0.0,0.8718511717297366,0.0,0.0,MISSING_not_formalized,NO_GIT_REPOSITORY,2026-07-22T22:36:19Z,publication_finalization\raw_results\n20_compact\agency_break_B\seed_summaries.csv,,,,,
B_agency_break,n20_compact,full,2,neuro-biológico,624,100,0.19799999999999962,0.99,0.0,0.99,0.8931481539130509,0.0,0.8718511717297366,0.0,0.0,MISSING_not_formalized,NO_GIT_REPOSITORY,2026-07-22T22:36:37Z,publication_finalization\raw_results\n20_compact\agency_break_B\seed_summaries.csv,,,,,
B_agency_break,n20_compact,full,3,neuro-biológico,624,100,0.19799999999999962,0.99,0.0,0.99,0.8931481539130509,0.0,0.8718511717297366,0.0,0.0,MISSING_not_formalized,NO_GIT_REPOSITORY,2026-07-22T22:36:56Z,publication_finalization\raw_results\n20_compact\agency_break_B\seed_summaries.csv,,,,,
B_agency_break,n20_compact,full,4,neuro-biológico,624,100,0.19799999999999962,0.99,0.0,0.99,0.8931481539130509,0.0,0.8718511717297366,0.0,0.0,MISSING_not_formalized,NO_GIT_REPOSITORY,2026-07-22T22:37:15Z,publication_finalization\raw_results\n20_compact\agency_break_B\seed_summaries.csv,,,,,
B_agency_break,n20_compact,full,5,neuro-biológico,624,100,0.19799999999999962,0.99,0.0,0.99,0.8931481539130509,0.0,0.8718511717297366,0.0,0.0,MISSING_not_formalized,NO_GIT_REPOSITORY,2026-07-22T22:37:33Z,publication_finalization\raw_results\n20_compact\agency_break_B\seed_summaries.csv,,,,,
B_agency_break,n20_compact,full,6,neuro-biológico,624,100,0.19799999999999962,0.99,0.0,0.99,0.8931481539130509,0.0,0.8718511717297366,0.0,0.0,MISSING_not_formalized,NO_GIT_REPOSITORY,2026-07-22T22:37:52Z,publication_finalization\raw_results\n20_compact\agency_break_B\seed_summaries.csv,,,,,
B_agency_break,n20_compact,full,7,neuro-biológico,624,100,0.19799999999999962,0.99,0.0,0.99,0.8931481539130509,0.0,0.8718511717297366,0.0,0.0,MISSING_not_formalized,NO_GIT_REPOSITORY,2026-07-22T22:38:10Z,publication_finalization\raw_results\n20_compact\agency_break_B\seed_summaries.csv,,,,,
B_agency_break,n20_compact,full,8,neuro-biológico,624,100,0.19799999999999962,0.99,0.0,0.99,0.8931481539130509,0.0,0.8718511717297366,0.0,0.0,MISSING_not_formalized,NO_GIT_REPOSITORY,2026-07-22T22:38:28Z,publication_finalization\raw_results\n20_compact\agency_break_B\seed_summaries.csv,,,,,
B_agency_break,n20_compact,full,9,neuro-biológico,624,100,0.19799999999999962,0.99,0.0,0.99,0.8931481539130509,0.0,0.8718511717297366,0.0,0.0,MISSING_not_formalized,NO_GIT_REPOSITORY,2026-07-22T22:38:47Z,publication_finalization\raw_results\n20_compact\agency_break_B\seed_summaries.csv,,,,,
B_agency_break,n20_compact,full,10,neuro-biológico,624,100,0.19799999999999962,0.99,0.0,0.99,0.8931481539130509,0.0,0.8718511717297366,0.0,0.0,MISSING_not_formalized,NO_GIT_REPOSITORY,2026-07-22T22:39:05Z,publication_finalization\raw_results\n20_compact\agency_break_B\seed_summaries.csv,,,,,
B_agency_break,n20_compact,full,11,neuro-biológico,624,100,0.19799999999999962,0.99,0.0,0.99,0.8931481539130509,0.0,0.8718511717297366,0.0,0.0,MISSING_not_formalized,NO_GIT_REPOSITORY,2026-07-22T22:39:23Z,publication_finalization\raw_results\n20_compact\agency_break_B\seed_summaries.csv,,,,,
B_agency_break,n20_compact,full,12,neuro-biológico,624,100,0.19799999999999962,0.99,0.0,0.99,0.8931481539130509,0.0,0.8718511717297366,0.0,0.0,MISSING_not_formalized,NO_GIT_REPOSITORY,2026-07-22T22:39:42Z,publication_finalization\raw_results\n20_compact\agency_break_B\seed_summaries.csv,,,,,
B_agency_break,n20_compact,full,13,neuro-biológico,624,100,0.19799999999999962,0.99,0.0,0.99,0.8931481539130509,0.0,0.8718511717297366,0.0,0.0,MISSING_not_formalized,NO_GIT_REPOSITORY,2026-07-22T22:40:00Z,publication_finalization\raw_results\n20_compact\agency_break_B\seed_summaries.csv,,,,,
B_agency_break,n20_compact,full,14,neuro-biológico,624,100,0.19799999999999962,0.99,0.0,0.99,0.8931481539130509,0.0,0.8718511717297366,0.0,0.0,MISSING_not_formalized,NO_GIT_REPOSITORY,2026-07-22T22:40:19Z,publication_finalization\raw_results\n20_compact\agency_break_B\seed_summaries.csv,,,,,
B_agency_break,n20_compact,full,15,neuro-biológico,624,100,0.19799999999999962,0.99,0.0,0.99,0.8931481539130509,0.0,0.8718511717297366,0.0,0.0,MISSING_not_formalized,NO_GIT_REPOSITORY,2026-07-22T22:40:37Z,publication_finalization\raw_results\n20_compact\agency_break_B\seed_summaries.csv,,,,,
B_agency_break,n20_compact,full,16,neuro-biológico,624,100,0.19799999999999962,0.99,0.0,0.99,0.8931481539130509,0.0,0.8718511717297366,0.0,0.0,MISSING_not_formalized,NO_GIT_REPOSITORY,2026-07-22T22:40:55Z,publication_finalization\raw_results\n20_compact\agency_break_B\seed_summaries.csv,,,,,
B_agency_break,n20_compact,full,17,neuro-biológico,624,100,0.19799999999999962,0.99,0.0,0.99,0.8931481539130509,0.0,0.8718511717297366,0.0,0.0,MISSING_not_formalized,NO_GIT_REPOSITORY,2026-07-22T22:41:14Z,publication_finalization\raw_results\n20_compact\agency_break_B\seed_summaries.csv,,,,,
B_agency_break,n20_compact,full,18,neuro-biológico,624,100,0.19799999999999962,0.99,0.0,0.99,0.8931481539130509,0.0,0.8718511717297366,0.0,0.0,MISSING_not_formalized,NO_GIT_REPOSITORY,2026-07-22T22:41:32Z,publication_finalization\raw_results\n20_compact\agency_break_B\seed_summaries.csv,,,,,
B_agency_break,n20_compact,full,19,neuro-biológico,624,100,0.19799999999999962,0.99,0.0,0.99,0.8931481539130509,0.0,0.8718511717297366,0.0,0.0,MISSING_not_formalized,NO_GIT_REPOSITORY,2026-07-22T22:41:50Z,publication_finalization\raw_results\n20_compact\agency_break_B\seed_summaries.csv,,,,,
B_agency_break,n20_compact,agency_break,0,neuro-biológico,624,100,0.0,0.99,0.0,0.99,0.7873435077656323,1.0,1.0707202712709103,0.0,0.0,MISSING_not_formalized,NO_GIT_REPOSITORY,2026-07-22T22:42:15Z,publication_finalization\raw_results\n20_compact\agency_break_B\seed_summaries.csv,,,,,
B_agency_break,n20_compact,agency_break,1,neuro-biológico,624,100,0.0,0.99,0.0,0.99,0.7873435077656323,1.0,1.0707202712709103,0.0,0.0,MISSING_not_formalized,NO_GIT_REPOSITORY,2026-07-22T22:42:40Z,publication_finalization\raw_results\n20_compact\agency_break_B\seed_summaries.csv,,,,,
B_agency_break,n20_compact,agency_break,2,neuro-biológico,624,100,0.0,0.99,0.0,0.99,0.7873435077656323,1.0,1.0707202712709103,0.0,0.0,MISSING_not_formalized,NO_GIT_REPOSITORY,2026-07-22T22:43:04Z,publication_finalization\raw_results\n20_compact\agency_break_B\seed_summaries.csv,,,,,
B_agency_break,n20_compact,agency_break,3,neuro-biológico,624,100,0.0,0.99,0.0,0.99,0.7873435077656323,1.0,1.0707202712709103,0.0,0.0,MISSING_not_formalized,NO_GIT_REPOSITORY,2026-07-22T22:43:28Z,publication_finalization\raw_results\n20_compact\agency_break_B\seed_summaries.csv,,,,,
B_agency_break,n20_compact,agency_break,4,neuro-biológico,624,100,0.0,0.99,0.0,0.99,0.7873435077656323,1.0,1.0707202712709103,0.0,0.0,MISSING_not_formalized,NO_GIT_REPOSITORY,2026-07-22T22:43:53Z,publication_finalization\raw_results\n20_compact\agency_break_B\seed_summaries.csv,,,,,
B_agency_break,n20_compact,agency_break,5,neuro-biológico,624,100,0.0,0.99,0.0,0.99,0.7873435077656323,1.0,1.0707202712709103,0.0,0.0,MISSING_not_formalized,NO_GIT_REPOSITORY,2026-07-22T22:44:17Z,publication_finalization\raw_results\n20_compact\agency_break_B\seed_summaries.csv,,,,,
B_agency_break,n20_compact,agency_break,6,neuro-biológico,624,100,0.0,0.99,0.0,0.99,0.7873435077656323,1.0,1.0707202712709103,0.0,0.0,MISSING_not_formalized,NO_GIT_REPOSITORY,2026-07-22T22:44:42Z,publication_finalization\raw_results\n20_compact\agency_break_B\seed_summaries.csv,,,,,
B_agency_break,n20_compact,agency_break,7,neuro-biológico,624,100,0.0,0.99,0.0,0.99,0.7873435077656323,1.0,1.0707202712709103,0.0,0.0,MISSING_not_formalized,NO_GIT_REPOSITORY,2026-07-22T22:45:06Z,publication_finalization\raw_results\n20_compact\agency_break_B\seed_summaries.csv,,,,,
B_agency_break,n20_compact,agency_break,8,neuro-biológico,624,100,0.0,0.99,0.0,0.99,0.7873435077656323,1.0,1.0707202712709103,0.0,0.0,MISSING_not_formalized,NO_GIT_REPOSITORY,2026-07-22T22:45:31Z,publication_finalization\raw_results\n20_compact\agency_break_B\seed_summaries.csv,,,,,
B_agency_break,n20_compact,agency_break,9,neuro-biológico,624,100,0.0,0.99,0.0,0.99,0.7873435077656323,1.0,1.0707202712709103,0.0,0.0,MISSING_not_formalized,NO_GIT_REPOSITORY,2026-07-22T22:45:55Z,publication_finalization\raw_results\n20_compact\agency_break_B\seed_summaries.csv,,,,,
B_agency_break,n20_compact,agency_break,10,neuro-biológico,624,100,0.0,0.99,0.0,0.99,0.7873435077656323,1.0,1.0707202712709103,0.0,0.0,MISSING_not_formalized,NO_GIT_REPOSITORY,2026-07-22T22:46:20Z,publication_finalization\raw_results\n20_compact\agency_break_B\seed_summaries.csv,,,,,
B_agency_break,n20_compact,agency_break,11,neuro-biológico,624,100,0.0,0.99,0.0,0.99,0.7873435077656323,1.0,1.0707202712709103,0.0,0.0,MISSING_not_formalized,NO_GIT_REPOSITORY,2026-07-22T22:46:44Z,publication_finalization\raw_results\n20_compact\agency_break_B\seed_summaries.csv,,,,,
B_agency_break,n20_compact,agency_break,12,neuro-biológico,624,100,0.0,0.99,0.0,0.99,0.7873435077656323,1.0,1.0707202712709103,0.0,0.0,MISSING_not_formalized,NO_GIT_REPOSITORY,2026-07-22T22:47:08Z,publication_finalization\raw_results\n20_compact\agency_break_B\seed_summaries.csv,,,,,
B_agency_break,n20_compact,agency_break,13,neuro-biológico,624,100,0.0,0.99,0.0,0.99,0.7873435077656323,1.0,1.0707202712709103,0.0,0.0,MISSING_not_formalized,NO_GIT_REPOSITORY,2026-07-22T22:47:33Z,publication_finalization\raw_results\n20_compact\agency_break_B\seed_summaries.csv,,,,,
B_agency_break,n20_compact,agency_break,14,neuro-biológico,624,100,0.0,0.99,0.0,0.99,0.7873435077656323,1.0,1.0707202712709103,0.0,0.0,MISSING_not_formalized,NO_GIT_REPOSITORY,2026-07-22T22:47:57Z,publication_finalization\raw_results\n20_compact\agency_break_B\seed_summaries.csv,,,,,
B_agency_break,n20_compact,agency_break,15,neuro-biológico,624,100,0.0,0.99,0.0,0.99,0.7873435077656323,1.0,1.0707202712709103,0.0,0.0,MISSING_not_formalized,NO_GIT_REPOSITORY,2026-07-22T22:48:22Z,publication_finalization\raw_results\n20_compact\agency_break_B\seed_summaries.csv,,,,,
B_agency_break,n20_compact,agency_break,16,neuro-biológico,624,100,0.0,0.99,0.0,0.99,0.7873435077656323,1.0,1.0707202712709103,0.0,0.0,MISSING_not_formalized,NO_GIT_REPOSITORY,2026-07-22T22:48:46Z,publication_finalization\raw_results\n20_compact\agency_break_B\seed_summaries.csv,,,,,
B_agency_break,n20_compact,agency_break,17,neuro-biológico,624,100,0.0,0.99,0.0,0.99,0.7873435077656323,1.0,1.0707202712709103,0.0,0.0,MISSING_not_formalized,NO_GIT_REPOSITORY,2026-07-22T22:49:10Z,publication_finalization\raw_results\n20_compact\agency_break_B\seed_summaries.csv,,,,,
B_agency_break,n20_compact,agency_break,18,neuro-biológico,624,100,0.0,0.99,0.0,0.99,0.7873435077656323,1.0,1.0707202712709103,0.0,0.0,MISSING_not_formalized,NO_GIT_REPOSITORY,2026-07-22T22:49:35Z,publication_finalization\raw_results\n20_compact\agency_break_B\seed_summaries.csv,,,,,
B_agency_break,n20_compact,agency_break,19,neuro-biológico,624,100,0.0,0.99,0.0,0.99,0.7873435077656323,1.0,1.0707202712709103,0.0,0.0,MISSING_not_formalized,NO_GIT_REPOSITORY,2026-07-22T22:49:59Z,publication_finalization\raw_results\n20_compact\agency_break_B\seed_summaries.csv,,,,,
D_smoke_compact,,full,0,neuro-biológico,624,40,0.2000000000000001,1.0,0.0,0.975,0.41119887486043905,0.0,,,,MISSING_not_formalized,NO_GIT_REPOSITORY,2026-07-22T21:43:25Z,publication_finalization\raw_results\e1e3_smoke_D\seed_summaries.csv,,,,,
D_smoke_compact,,full,1,neuro-biológico,624,40,0.2000000000000001,1.0,0.0,0.975,0.41119887486043905,0.0,,,,MISSING_not_formalized,NO_GIT_REPOSITORY,2026-07-22T21:43:31Z,publication_finalization\raw_results\e1e3_smoke_D\seed_summaries.csv,,,,,
D_smoke_compact,,nopfc,0,neuro-biológico,624,40,0.0,0.725,0.5,0.975,0.41119887486043905,0.0,,,,MISSING_not_formalized,NO_GIT_REPOSITORY,2026-07-22T21:43:41Z,publication_finalization\raw_results\e1e3_smoke_D\seed_summaries.csv,,,,,
D_smoke_compact,,nopfc,1,neuro-biológico,624,40,0.0,0.725,0.5,0.975,0.41119887486043905,0.0,,,,MISSING_not_formalized,NO_GIT_REPOSITORY,2026-07-22T21:43:51Z,publication_finalization\raw_results\e1e3_smoke_D\seed_summaries.csv,,,,,
D_smoke_compact,,nohippo,0,neuro-biológico,624,40,0.2000000000000001,1.0,0.0,0.0,0.41119887486043905,0.0,,,,MISSING_not_formalized,NO_GIT_REPOSITORY,2026-07-22T21:43:54Z,publication_finalization\raw_results\e1e3_smoke_D\seed_summaries.csv,,,,,
D_smoke_compact,,nohippo,1,neuro-biológico,624,40,0.2000000000000001,1.0,0.0,0.0,0.41119887486043905,0.0,,,,MISSING_not_formalized,NO_GIT_REPOSITORY,2026-07-22T21:43:58Z,publication_finalization\raw_results\e1e3_smoke_D\seed_summaries.csv,,,,,
E_10k_smoke,,full,0,neuro-10k,10290,40,0.2000000000000001,0.575,0.0,0.975,0.41119887486043905,0.0,0.16866093149667025,0.0,0.0,MISSING_not_formalized,NO_GIT_REPOSITORY,2026-07-22T23:00:26Z,publication_finalization\raw_results\n20_compact\e10k_smoke\seed_summaries.csv,,,,,
E_10k_smoke,,full,1,neuro-10k,10290,40,0.2000000000000001,0.575,0.0,0.975,0.41119887486043905,0.0,0.16866093149667025,0.0,0.0,MISSING_not_formalized,NO_GIT_REPOSITORY,2026-07-22T23:00:40Z,publication_finalization\raw_results\n20_compact\e10k_smoke\seed_summaries.csv,,,,,
E_10k_smoke,,nopfc,0,neuro-10k,10290,40,0.0,0.275,0.5,0.975,0.41119887486043905,0.0,1.4854752972273344,0.0,0.0,MISSING_not_formalized,NO_GIT_REPOSITORY,2026-07-22T23:00:57Z,publication_finalization\raw_results\n20_compact\e10k_smoke\seed_summaries.csv,,,,,
E_10k_smoke,,nopfc,1,neuro-10k,10290,40,0.0,0.275,0.5,0.975,0.41119887486043905,0.0,1.4854752972273344,0.0,0.0,MISSING_not_formalized,NO_GIT_REPOSITORY,2026-07-22T23:01:13Z,publication_finalization\raw_results\n20_compact\e10k_smoke\seed_summaries.csv,,,,,
D_historical_E1_10k,,full,0,neuro-10k,10290,200,0.1319999999999997,0.995,0.2925,0.995,,0.0,,,,,HISTORICAL_NO_COMMIT_IN_CSV,HISTORICAL,publication_finalization/raw_results/historical/e1_full_summary.csv,,,,,
D_historical_E1_10k,,full,1,neuro-10k,10290,200,0.1319999999999997,0.995,0.2925,0.995,,0.0,,,,,HISTORICAL_NO_COMMIT_IN_CSV,HISTORICAL,publication_finalization/raw_results/historical/e1_full_summary.csv,,,,,
D_historical_E1_10k,,full,2,neuro-10k,10290,200,0.1319999999999997,0.995,0.2925,0.995,,0.0,,,,,HISTORICAL_NO_COMMIT_IN_CSV,HISTORICAL,publication_finalization/raw_results/historical/e1_full_summary.csv,,,,,
D_historical_E1_10k,,full,3,neuro-10k,10290,200,0.1319999999999997,0.995,0.2925,0.995,,0.0,,,,,HISTORICAL_NO_COMMIT_IN_CSV,HISTORICAL,publication_finalization/raw_results/historical/e1_full_summary.csv,,,,,
D_historical_E1_10k,,full,4,neuro-10k,10290,200,0.1319999999999997,0.995,0.2925,0.995,,0.0,,,,,HISTORICAL_NO_COMMIT_IN_CSV,HISTORICAL,publication_finalization/raw_results/historical/e1_full_summary.csv,,,,,
D_historical_E1_10k,,nopfc,0,neuro-10k,10290,200,0.0,0.52,0.92,0.995,,0.0,,,,,HISTORICAL_NO_COMMIT_IN_CSV,HISTORICAL,publication_finalization/raw_results/historical/e1_nopfc_summary.csv,,,,,
D_historical_E1_10k,,nopfc,1,neuro-10k,10290,200,0.0,0.52,0.92,0.995,,0.0,,,,,HISTORICAL_NO_COMMIT_IN_CSV,HISTORICAL,publication_finalization/raw_results/historical/e1_nopfc_summary.csv,,,,,
D_historical_E1_10k,,nopfc,2,neuro-10k,10290,200,0.0,0.525,0.915,0.995,,0.0,,,,,HISTORICAL_NO_COMMIT_IN_CSV,HISTORICAL,publication_finalization/raw_results/historical/e1_nopfc_summary.csv,,,,,
D_historical_E1_10k,,nopfc,3,neuro-10k,10290,200,0.0,0.555,0.9075,0.995,,0.0,,,,,HISTORICAL_NO_COMMIT_IN_CSV,HISTORICAL,publication_finalization/raw_results/historical/e1_nopfc_summary.csv,,,,,
D_historical_E1_10k,,nopfc,4,neuro-10k,10290,200,0.0,0.555,0.9025,0.995,,0.0,,,,,HISTORICAL_NO_COMMIT_IN_CSV,HISTORICAL,publication_finalization/raw_results/historical/e1_nopfc_summary.csv,,,,,
D_historical_E1_10k,,nobind,0,neuro-10k,10290,200,0.1269999999999997,0.0,0.275,0.995,,0.0,,,,,HISTORICAL_NO_COMMIT_IN_CSV,HISTORICAL,publication_finalization/raw_results/historical/e1_nobind_summary.csv,,,,,
D_historical_E1_10k,,nobind,1,neuro-10k,10290,200,0.13999999999999965,0.0,0.21,0.995,,0.0,,,,,HISTORICAL_NO_COMMIT_IN_CSV,HISTORICAL,publication_finalization/raw_results/historical/e1_nobind_summary.csv,,,,,
D_historical_E1_10k,,nobind,2,neuro-10k,10290,200,0.11499999999999976,0.0,0.33,0.995,,0.0,,,,,HISTORICAL_NO_COMMIT_IN_CSV,HISTORICAL,publication_finalization/raw_results/historical/e1_nobind_summary.csv,,,,,
D_historical_E1_10k,,nobind,3,neuro-10k,10290,200,0.13799999999999968,0.0,0.22,0.995,,0.0,,,,,HISTORICAL_NO_COMMIT_IN_CSV,HISTORICAL,publication_finalization/raw_results/historical/e1_nobind_summary.csv,,,,,
D_historical_E1_10k,,nobind,4,neuro-10k,10290,200,0.14099999999999965,0.0,0.205,0.995,,0.0,,,,,HISTORICAL_NO_COMMIT_IN_CSV,HISTORICAL,publication_finalization/raw_results/historical/e1_nobind_summary.csv,,,,,
D_historical_E1_10k,,nohippo,0,neuro-10k,10290,200,0.13599999999999968,0.885,0.2625,0.0,,0.0,,,,,HISTORICAL_NO_COMMIT_IN_CSV,HISTORICAL,publication_finalization/raw_results/historical/e1_nohippo_summary.csv,,,,,
D_historical_E1_10k,,nohippo,1,neuro-10k,10290,200,0.13499999999999968,0.885,0.265,0.0,,0.0,,,,,HISTORICAL_NO_COMMIT_IN_CSV,HISTORICAL,publication_finalization/raw_results/historical/e1_nohippo_summary.csv,,,,,
D_historical_E1_10k,,nohippo,2,neuro-10k,10290,200,0.13399999999999967,0.85,0.27,0.0,,0.0,,,,,HISTORICAL_NO_COMMIT_IN_CSV,HISTORICAL,publication_finalization/raw_results/historical/e1_nohippo_summary.csv,,,,,
D_historical_E1_10k,,nohippo,3,neuro-10k,10290,200,0.13399999999999967,0.765,0.27,0.0,,0.0,,,,,HISTORICAL_NO_COMMIT_IN_CSV,HISTORICAL,publication_finalization/raw_results/historical/e1_nohippo_summary.csv,,,,,
D_historical_E1_10k,,nohippo,4,neuro-10k,10290,200,0.13599999999999968,0.815,0.26,0.0,,0.0,,,,,HISTORICAL_NO_COMMIT_IN_CSV,HISTORICAL,publication_finalization/raw_results/historical/e1_nohippo_summary.csv,,,,,
D_historical_E1_10k,,noaffect,0,neuro-10k,10290,200,0.11899999999999973,0.485,0.325,0.995,,0.0,,,,,HISTORICAL_NO_COMMIT_IN_CSV,HISTORICAL,publication_finalization/raw_results/historical/e1_noaffect_summary.csv,,,,,
D_historical_E1_10k,,noaffect,1,neuro-10k,10290,200,0.11899999999999973,0.485,0.325,0.995,,0.0,,,,,HISTORICAL_NO_COMMIT_IN_CSV,HISTORICAL,publication_finalization/raw_results/historical/e1_noaffect_summary.csv,,,,,
D_historical_E1_10k,,noaffect,2,neuro-10k,10290,200,0.11699999999999974,0.545,0.3325,0.995,,0.0,,,,,HISTORICAL_NO_COMMIT_IN_CSV,HISTORICAL,publication_finalization/raw_results/historical/e1_noaffect_summary.csv,,,,,
D_historical_E1_10k,,noaffect,3,neuro-10k,10290,200,0.11899999999999973,0.48,0.325,0.995,,0.0,,,,,HISTORICAL_NO_COMMIT_IN_CSV,HISTORICAL,publication_finalization/raw_results/historical/e1_noaffect_summary.csv,,,,,
D_historical_E1_10k,,noaffect,4,neuro-10k,10290,200,0.11799999999999974,0.535,0.33,0.995,,0.0,,,,,HISTORICAL_NO_COMMIT_IN_CSV,HISTORICAL,publication_finalization/raw_results/historical/e1_noaffect_summary.csv,,,,,
D_historical_E2_10k,,llm_invariance,0,neuro-10k,10290,100,,,,,,,,,,,HISTORICAL_NO_COMMIT_IN_CSV,HISTORICAL,publication_finalization/raw_results/historical/e2_llm_invariance.csv,True,,,,
D_historical_E2_10k,,llm_invariance,1,neuro-10k,10290,100,,,,,,,,,,,HISTORICAL_NO_COMMIT_IN_CSV,HISTORICAL,publication_finalization/raw_results/historical/e2_llm_invariance.csv,True,,,,
D_historical_E2_10k,,llm_invariance,2,neuro-10k,10290,100,,,,,,,,,,,HISTORICAL_NO_COMMIT_IN_CSV,HISTORICAL,publication_finalization/raw_results/historical/e2_llm_invariance.csv,True,,,,
D_historical_E2_10k,,llm_invariance,3,neuro-10k,10290,100,,,,,,,,,,,HISTORICAL_NO_COMMIT_IN_CSV,HISTORICAL,publication_finalization/raw_results/historical/e2_llm_invariance.csv,True,,,,
D_historical_E2_10k,,llm_invariance,4,neuro-10k,10290,100,,,,,,,,,,,HISTORICAL_NO_COMMIT_IN_CSV,HISTORICAL,publication_finalization/raw_results/historical/e2_llm_invariance.csv,True,,,,
D_historical_E3_10k,,control,0,neuro-10k,10290,,,,,,,,,,,,HISTORICAL_NO_COMMIT_IN_CSV,HISTORICAL,publication_finalization/raw_results/historical/e3_sleep_recall.csv,,0.5174486802890896,,,
D_historical_E3_10k,,sleep,0,neuro-10k,10290,,,,,,,,,,,,HISTORICAL_NO_COMMIT_IN_CSV,HISTORICAL,publication_finalization/raw_results/historical/e3_sleep_recall.csv,,0.5474486802890897,,,
D_historical_E3_10k,,control,1,neuro-10k,10290,,,,,,,,,,,,HISTORICAL_NO_COMMIT_IN_CSV,HISTORICAL,publication_finalization/raw_results/historical/e3_sleep_recall.csv,,0.5174486802890896,,,
D_historical_E3_10k,,sleep,1,neuro-10k,10290,,,,,,,,,,,,HISTORICAL_NO_COMMIT_IN_CSV,HISTORICAL,publication_finalization/raw_results/historical/e3_sleep_recall.csv,,0.5474486802890897,,,
D_historical_E3_10k,,control,2,neuro-10k,10290,,,,,,,,,,,,HISTORICAL_NO_COMMIT_IN_CSV,HISTORICAL,publication_finalization/raw_results/historical/e3_sleep_recall.csv,,0.5174486802890896,,,
D_historical_E3_10k,,sleep,2,neuro-10k,10290,,,,,,,,,,,,HISTORICAL_NO_COMMIT_IN_CSV,HISTORICAL,publication_finalization/raw_results/historical/e3_sleep_recall.csv,,0.5774486802890897,,,
D_historical_E3_10k,,control,3,neuro-10k,10290,,,,,,,,,,,,HISTORICAL_NO_COMMIT_IN_CSV,HISTORICAL,publication_finalization/raw_results/historical/e3_sleep_recall.csv,,0.5174486802890896,,,
D_historical_E3_10k,,sleep,3,neuro-10k,10290,,,,,,,,,,,,HISTORICAL_NO_COMMIT_IN_CSV,HISTORICAL,publication_finalization/raw_results/historical/e3_sleep_recall.csv,,0.5474486802890897,,,
D_historical_E3_10k,,control,4,neuro-10k,10290,,,,,,,,,,,,HISTORICAL_NO_COMMIT_IN_CSV,HISTORICAL,publication_finalization/raw_results/historical/e3_sleep_recall.csv,,0.5174486802890896,,,
D_historical_E3_10k,,sleep,4,neuro-10k,10290,,,,,,,,,,,,HISTORICAL_NO_COMMIT_IN_CSV,HISTORICAL,publication_finalization/raw_results/historical/e3_sleep_recall.csv,,0.5774486802890897,,,
C_env_shift,n20_compact,transfer_fountain:aff_off,0,compact,,,,,,,,,,,,,NO_GIT_REPOSITORY,2026-07-22T22:50:20Z,publication_finalization/raw_results/n20_compact/env_shift_C/env_shift_seed_results.csv,,,,False,
C_env_shift,n20_compact,discrimination:aff_off,0,compact,,,,,,,,,,,,,NO_GIT_REPOSITORY,2026-07-22T22:50:31Z,publication_finalization/raw_results/n20_compact/env_shift_C/env_shift_seed_results.csv,,,False,,110
C_env_shift,n20_compact,transfer_fountain:aff_on,0,compact,,,,,,,,,,,,,NO_GIT_REPOSITORY,2026-07-22T22:50:35Z,publication_finalization/raw_results/n20_compact/env_shift_C/env_shift_seed_results.csv,,,,True,
C_env_shift,n20_compact,discrimination:aff_on,0,compact,,,,,,,,,,,,,NO_GIT_REPOSITORY,2026-07-22T22:50:39Z,publication_finalization/raw_results/n20_compact/env_shift_C/env_shift_seed_results.csv,,,True,,22
C_env_shift,n20_compact,transfer_fountain:aff_off,1,compact,,,,,,,,,,,,,NO_GIT_REPOSITORY,2026-07-22T22:50:47Z,publication_finalization/raw_results/n20_compact/env_shift_C/env_shift_seed_results.csv,,,,False,
C_env_shift,n20_compact,discrimination:aff_off,1,compact,,,,,,,,,,,,,NO_GIT_REPOSITORY,2026-07-22T22:50:58Z,publication_finalization/raw_results/n20_compact/env_shift_C/env_shift_seed_results.csv,,,False,,110
C_env_shift,n20_compact,transfer_fountain:aff_on,1,compact,,,,,,,,,,,,,NO_GIT_REPOSITORY,2026-07-22T22:51:02Z,publication_finalization/raw_results/n20_compact/env_shift_C/env_shift_seed_results.csv,,,,True,
C_env_shift,n20_compact,discrimination:aff_on,1,compact,,,,,,,,,,,,,NO_GIT_REPOSITORY,2026-07-22T22:51:06Z,publication_finalization/raw_results/n20_compact/env_shift_C/env_shift_seed_results.csv,,,True,,22
C_env_shift,n20_compact,transfer_fountain:aff_off,2,compact,,,,,,,,,,,,,NO_GIT_REPOSITORY,2026-07-22T22:51:14Z,publication_finalization/raw_results/n20_compact/env_shift_C/env_shift_seed_results.csv,,,,False,
C_env_shift,n20_compact,discrimination:aff_off,2,compact,,,,,,,,,,,,,NO_GIT_REPOSITORY,2026-07-22T22:51:25Z,publication_finalization/raw_results/n20_compact/env_shift_C/env_shift_seed_results.csv,,,False,,110
C_env_shift,n20_compact,transfer_fountain:aff_on,2,compact,,,,,,,,,,,,,NO_GIT_REPOSITORY,2026-07-22T22:51:29Z,publication_finalization/raw_results/n20_compact/env_shift_C/env_shift_seed_results.csv,,,,True,
C_env_shift,n20_compact,discrimination:aff_on,2,compact,,,,,,,,,,,,,NO_GIT_REPOSITORY,2026-07-22T22:51:32Z,publication_finalization/raw_results/n20_compact/env_shift_C/env_shift_seed_results.csv,,,True,,22
C_env_shift,n20_compact,transfer_fountain:aff_off,3,compact,,,,,,,,,,,,,NO_GIT_REPOSITORY,2026-07-22T22:51:40Z,publication_finalization/raw_results/n20_compact/env_shift_C/env_shift_seed_results.csv,,,,False,
C_env_shift,n20_compact,discrimination:aff_off,3,compact,,,,,,,,,,,,,NO_GIT_REPOSITORY,2026-07-22T22:51:50Z,publication_finalization/raw_results/n20_compact/env_shift_C/env_shift_seed_results.csv,,,False,,110
C_env_shift,n20_compact,transfer_fountain:aff_on,3,compact,,,,,,,,,,,,,NO_GIT_REPOSITORY,2026-07-22T22:51:54Z,publication_finalization/raw_results/n20_compact/env_shift_C/env_shift_seed_results.csv,,,,True,
C_env_shift,n20_compact,discrimination:aff_on,3,compact,,,,,,,,,,,,,NO_GIT_REPOSITORY,2026-07-22T22:51:58Z,publication_finalization/raw_results/n20_compact/env_shift_C/env_shift_seed_results.csv,,,True,,22
C_env_shift,n20_compact,transfer_fountain:aff_off,4,compact,,,,,,,,,,,,,NO_GIT_REPOSITORY,2026-07-22T22:52:06Z,publication_finalization/raw_results/n20_compact/env_shift_C/env_shift_seed_results.csv,,,,False,
C_env_shift,n20_compact,discrimination:aff_off,4,compact,,,,,,,,,,,,,NO_GIT_REPOSITORY,2026-07-22T22:52:16Z,publication_finalization/raw_results/n20_compact/env_shift_C/env_shift_seed_results.csv,,,False,,110
C_env_shift,n20_compact,transfer_fountain:aff_on,4,compact,,,,,,,,,,,,,NO_GIT_REPOSITORY,2026-07-22T22:52:20Z,publication_finalization/raw_results/n20_compact/env_shift_C/env_shift_seed_results.csv,,,,True,
C_env_shift,n20_compact,discrimination:aff_on,4,compact,,,,,,,,,,,,,NO_GIT_REPOSITORY,2026-07-22T22:52:24Z,publication_finalization/raw_results/n20_compact/env_shift_C/env_shift_seed_results.csv,,,True,,22
C_env_shift,n20_compact,transfer_fountain:aff_off,5,compact,,,,,,,,,,,,,NO_GIT_REPOSITORY,2026-07-22T22:52:32Z,publication_finalization/raw_results/n20_compact/env_shift_C/env_shift_seed_results.csv,,,,False,
C_env_shift,n20_compact,discrimination:aff_off,5,compact,,,,,,,,,,,,,NO_GIT_REPOSITORY,2026-07-22T22:52:43Z,publication_finalization/raw_results/n20_compact/env_shift_C/env_shift_seed_results.csv,,,False,,110
C_env_shift,n20_compact,transfer_fountain:aff_on,5,compact,,,,,,,,,,,,,NO_GIT_REPOSITORY,2026-07-22T22:52:47Z,publication_finalization/raw_results/n20_compact/env_shift_C/env_shift_seed_results.csv,,,,True,
C_env_shift,n20_compact,discrimination:aff_on,5,compact,,,,,,,,,,,,,NO_GIT_REPOSITORY,2026-07-22T22:52:51Z,publication_finalization/raw_results/n20_compact/env_shift_C/env_shift_seed_results.csv,,,True,,22
C_env_shift,n20_compact,transfer_fountain:aff_off,6,compact,,,,,,,,,,,,,NO_GIT_REPOSITORY,2026-07-22T22:53:00Z,publication_finalization/raw_results/n20_compact/env_shift_C/env_shift_seed_results.csv,,,,False,
C_env_shift,n20_compact,discrimination:aff_off,6,compact,,,,,,,,,,,,,NO_GIT_REPOSITORY,2026-07-22T22:53:12Z,publication_finalization/raw_results/n20_compact/env_shift_C/env_shift_seed_results.csv,,,False,,110
C_env_shift,n20_compact,transfer_fountain:aff_on,6,compact,,,,,,,,,,,,,NO_GIT_REPOSITORY,2026-07-22T22:53:16Z,publication_finalization/raw_results/n20_compact/env_shift_C/env_shift_seed_results.csv,,,,True,
C_env_shift,n20_compact,discrimination:aff_on,6,compact,,,,,,,,,,,,,NO_GIT_REPOSITORY,2026-07-22T22:53:21Z,publication_finalization/raw_results/n20_compact/env_shift_C/env_shift_seed_results.csv,,,True,,22
C_env_shift,n20_compact,transfer_fountain:aff_off,7,compact,,,,,,,,,,,,,NO_GIT_REPOSITORY,2026-07-22T22:53:30Z,publication_finalization/raw_results/n20_compact/env_shift_C/env_shift_seed_results.csv,,,,False,
C_env_shift,n20_compact,discrimination:aff_off,7,compact,,,,,,,,,,,,,NO_GIT_REPOSITORY,2026-07-22T22:53:42Z,publication_finalization/raw_results/n20_compact/env_shift_C/env_shift_seed_results.csv,,,False,,110
C_env_shift,n20_compact,transfer_fountain:aff_on,7,compact,,,,,,,,,,,,,NO_GIT_REPOSITORY,2026-07-22T22:53:46Z,publication_finalization/raw_results/n20_compact/env_shift_C/env_shift_seed_results.csv,,,,True,
C_env_shift,n20_compact,discrimination:aff_on,7,compact,,,,,,,,,,,,,NO_GIT_REPOSITORY,2026-07-22T22:53:50Z,publication_finalization/raw_results/n20_compact/env_shift_C/env_shift_seed_results.csv,,,True,,22
C_env_shift,n20_compact,transfer_fountain:aff_off,8,compact,,,,,,,,,,,,,NO_GIT_REPOSITORY,2026-07-22T22:54:00Z,publication_finalization/raw_results/n20_compact/env_shift_C/env_shift_seed_results.csv,,,,False,
C_env_shift,n20_compact,discrimination:aff_off,8,compact,,,,,,,,,,,,,NO_GIT_REPOSITORY,2026-07-22T22:54:11Z,publication_finalization/raw_results/n20_compact/env_shift_C/env_shift_seed_results.csv,,,False,,110
C_env_shift,n20_compact,transfer_fountain:aff_on,8,compact,,,,,,,,,,,,,NO_GIT_REPOSITORY,2026-07-22T22:54:15Z,publication_finalization/raw_results/n20_compact/env_shift_C/env_shift_seed_results.csv,,,,True,
C_env_shift,n20_compact,discrimination:aff_on,8,compact,,,,,,,,,,,,,NO_GIT_REPOSITORY,2026-07-22T22:54:19Z,publication_finalization/raw_results/n20_compact/env_shift_C/env_shift_seed_results.csv,,,True,,22
C_env_shift,n20_compact,transfer_fountain:aff_off,9,compact,,,,,,,,,,,,,NO_GIT_REPOSITORY,2026-07-22T22:54:29Z,publication_finalization/raw_results/n20_compact/env_shift_C/env_shift_seed_results.csv,,,,False,
C_env_shift,n20_compact,discrimination:aff_off,9,compact,,,,,,,,,,,,,NO_GIT_REPOSITORY,2026-07-22T22:54:41Z,publication_finalization/raw_results/n20_compact/env_shift_C/env_shift_seed_results.csv,,,False,,110
C_env_shift,n20_compact,transfer_fountain:aff_on,9,compact,,,,,,,,,,,,,NO_GIT_REPOSITORY,2026-07-22T22:54:45Z,publication_finalization/raw_results/n20_compact/env_shift_C/env_shift_seed_results.csv,,,,True,
C_env_shift,n20_compact,discrimination:aff_on,9,compact,,,,,,,,,,,,,NO_GIT_REPOSITORY,2026-07-22T22:54:49Z,publication_finalization/raw_results/n20_compact/env_shift_C/env_shift_seed_results.csv,,,True,,22
C_env_shift,n20_compact,transfer_fountain:aff_off,10,compact,,,,,,,,,,,,,NO_GIT_REPOSITORY,2026-07-22T22:54:58Z,publication_finalization/raw_results/n20_compact/env_shift_C/env_shift_seed_results.csv,,,,False,
C_env_shift,n20_compact,discrimination:aff_off,10,compact,,,,,,,,,,,,,NO_GIT_REPOSITORY,2026-07-22T22:55:11Z,publication_finalization/raw_results/n20_compact/env_shift_C/env_shift_seed_results.csv,,,False,,110
C_env_shift,n20_compact,transfer_fountain:aff_on,10,compact,,,,,,,,,,,,,NO_GIT_REPOSITORY,2026-07-22T22:55:15Z,publication_finalization/raw_results/n20_compact/env_shift_C/env_shift_seed_results.csv,,,,True,
C_env_shift,n20_compact,discrimination:aff_on,10,compact,,,,,,,,,,,,,NO_GIT_REPOSITORY,2026-07-22T22:55:19Z,publication_finalization/raw_results/n20_compact/env_shift_C/env_shift_seed_results.csv,,,True,,22
C_env_shift,n20_compact,transfer_fountain:aff_off,11,compact,,,,,,,,,,,,,NO_GIT_REPOSITORY,2026-07-22T22:55:28Z,publication_finalization/raw_results/n20_compact/env_shift_C/env_shift_seed_results.csv,,,,False,
C_env_shift,n20_compact,discrimination:aff_off,11,compact,,,,,,,,,,,,,NO_GIT_REPOSITORY,2026-07-22T22:55:40Z,publication_finalization/raw_results/n20_compact/env_shift_C/env_shift_seed_results.csv,,,False,,110
C_env_shift,n20_compact,transfer_fountain:aff_on,11,compact,,,,,,,,,,,,,NO_GIT_REPOSITORY,2026-07-22T22:55:44Z,publication_finalization/raw_results/n20_compact/env_shift_C/env_shift_seed_results.csv,,,,True,
C_env_shift,n20_compact,discrimination:aff_on,11,compact,,,,,,,,,,,,,NO_GIT_REPOSITORY,2026-07-22T22:55:48Z,publication_finalization/raw_results/n20_compact/env_shift_C/env_shift_seed_results.csv,,,True,,22
C_env_shift,n20_compact,transfer_fountain:aff_off,12,compact,,,,,,,,,,,,,NO_GIT_REPOSITORY,2026-07-22T22:55:58Z,publication_finalization/raw_results/n20_compact/env_shift_C/env_shift_seed_results.csv,,,,False,
C_env_shift,n20_compact,discrimination:aff_off,12,compact,,,,,,,,,,,,,NO_GIT_REPOSITORY,2026-07-22T22:56:08Z,publication_finalization/raw_results/n20_compact/env_shift_C/env_shift_seed_results.csv,,,False,,110
C_env_shift,n20_compact,transfer_fountain:aff_on,12,compact,,,,,,,,,,,,,NO_GIT_REPOSITORY,2026-07-22T22:56:12Z,publication_finalization/raw_results/n20_compact/env_shift_C/env_shift_seed_results.csv,,,,True,
C_env_shift,n20_compact,discrimination:aff_on,12,compact,,,,,,,,,,,,,NO_GIT_REPOSITORY,2026-07-22T22:56:15Z,publication_finalization/raw_results/n20_compact/env_shift_C/env_shift_seed_results.csv,,,True,,22
C_env_shift,n20_compact,transfer_fountain:aff_off,13,compact,,,,,,,,,,,,,NO_GIT_REPOSITORY,2026-07-22T22:56:24Z,publication_finalization/raw_results/n20_compact/env_shift_C/env_shift_seed_results.csv,,,,False,
C_env_shift,n20_compact,discrimination:aff_off,13,compact,,,,,,,,,,,,,NO_GIT_REPOSITORY,2026-07-22T22:56:34Z,publication_finalization/raw_results/n20_compact/env_shift_C/env_shift_seed_results.csv,,,False,,110
C_env_shift,n20_compact,transfer_fountain:aff_on,13,compact,,,,,,,,,,,,,NO_GIT_REPOSITORY,2026-07-22T22:56:38Z,publication_finalization/raw_results/n20_compact/env_shift_C/env_shift_seed_results.csv,,,,True,
C_env_shift,n20_compact,discrimination:aff_on,13,compact,,,,,,,,,,,,,NO_GIT_REPOSITORY,2026-07-22T22:56:42Z,publication_finalization/raw_results/n20_compact/env_shift_C/env_shift_seed_results.csv,,,True,,22
C_env_shift,n20_compact,transfer_fountain:aff_off,14,compact,,,,,,,,,,,,,NO_GIT_REPOSITORY,2026-07-22T22:56:51Z,publication_finalization/raw_results/n20_compact/env_shift_C/env_shift_seed_results.csv,,,,False,
C_env_shift,n20_compact,discrimination:aff_off,14,compact,,,,,,,,,,,,,NO_GIT_REPOSITORY,2026-07-22T22:57:03Z,publication_finalization/raw_results/n20_compact/env_shift_C/env_shift_seed_results.csv,,,False,,110
C_env_shift,n20_compact,transfer_fountain:aff_on,14,compact,,,,,,,,,,,,,NO_GIT_REPOSITORY,2026-07-22T22:57:07Z,publication_finalization/raw_results/n20_compact/env_shift_C/env_shift_seed_results.csv,,,,True,
C_env_shift,n20_compact,discrimination:aff_on,14,compact,,,,,,,,,,,,,NO_GIT_REPOSITORY,2026-07-22T22:57:11Z,publication_finalization/raw_results/n20_compact/env_shift_C/env_shift_seed_results.csv,,,True,,22
C_env_shift,n20_compact,transfer_fountain:aff_off,15,compact,,,,,,,,,,,,,NO_GIT_REPOSITORY,2026-07-22T22:57:21Z,publication_finalization/raw_results/n20_compact/env_shift_C/env_shift_seed_results.csv,,,,False,
C_env_shift,n20_compact,discrimination:aff_off,15,compact,,,,,,,,,,,,,NO_GIT_REPOSITORY,2026-07-22T22:57:33Z,publication_finalization/raw_results/n20_compact/env_shift_C/env_shift_seed_results.csv,,,False,,110
C_env_shift,n20_compact,transfer_fountain:aff_on,15,compact,,,,,,,,,,,,,NO_GIT_REPOSITORY,2026-07-22T22:57:37Z,publication_finalization/raw_results/n20_compact/env_shift_C/env_shift_seed_results.csv,,,,True,
C_env_shift,n20_compact,discrimination:aff_on,15,compact,,,,,,,,,,,,,NO_GIT_REPOSITORY,2026-07-22T22:57:41Z,publication_finalization/raw_results/n20_compact/env_shift_C/env_shift_seed_results.csv,,,True,,22
C_env_shift,n20_compact,transfer_fountain:aff_off,16,compact,,,,,,,,,,,,,NO_GIT_REPOSITORY,2026-07-22T22:57:50Z,publication_finalization/raw_results/n20_compact/env_shift_C/env_shift_seed_results.csv,,,,False,
C_env_shift,n20_compact,discrimination:aff_off,16,compact,,,,,,,,,,,,,NO_GIT_REPOSITORY,2026-07-22T22:58:02Z,publication_finalization/raw_results/n20_compact/env_shift_C/env_shift_seed_results.csv,,,False,,110
C_env_shift,n20_compact,transfer_fountain:aff_on,16,compact,,,,,,,,,,,,,NO_GIT_REPOSITORY,2026-07-22T22:58:06Z,publication_finalization/raw_results/n20_compact/env_shift_C/env_shift_seed_results.csv,,,,True,
C_env_shift,n20_compact,discrimination:aff_on,16,compact,,,,,,,,,,,,,NO_GIT_REPOSITORY,2026-07-22T22:58:10Z,publication_finalization/raw_results/n20_compact/env_shift_C/env_shift_seed_results.csv,,,True,,22
C_env_shift,n20_compact,transfer_fountain:aff_off,17,compact,,,,,,,,,,,,,NO_GIT_REPOSITORY,2026-07-22T22:58:20Z,publication_finalization/raw_results/n20_compact/env_shift_C/env_shift_seed_results.csv,,,,False,
C_env_shift,n20_compact,discrimination:aff_off,17,compact,,,,,,,,,,,,,NO_GIT_REPOSITORY,2026-07-22T22:58:32Z,publication_finalization/raw_results/n20_compact/env_shift_C/env_shift_seed_results.csv,,,False,,110
C_env_shift,n20_compact,transfer_fountain:aff_on,17,compact,,,,,,,,,,,,,NO_GIT_REPOSITORY,2026-07-22T22:58:36Z,publication_finalization/raw_results/n20_compact/env_shift_C/env_shift_seed_results.csv,,,,True,
C_env_shift,n20_compact,discrimination:aff_on,17,compact,,,,,,,,,,,,,NO_GIT_REPOSITORY,2026-07-22T22:58:40Z,publication_finalization/raw_results/n20_compact/env_shift_C/env_shift_seed_results.csv,,,True,,22
C_env_shift,n20_compact,transfer_fountain:aff_off,18,compact,,,,,,,,,,,,,NO_GIT_REPOSITORY,2026-07-22T22:58:49Z,publication_finalization/raw_results/n20_compact/env_shift_C/env_shift_seed_results.csv,,,,False,
C_env_shift,n20_compact,discrimination:aff_off,18,compact,,,,,,,,,,,,,NO_GIT_REPOSITORY,2026-07-22T22:59:01Z,publication_finalization/raw_results/n20_compact/env_shift_C/env_shift_seed_results.csv,,,False,,110
C_env_shift,n20_compact,transfer_fountain:aff_on,18,compact,,,,,,,,,,,,,NO_GIT_REPOSITORY,2026-07-22T22:59:06Z,publication_finalization/raw_results/n20_compact/env_shift_C/env_shift_seed_results.csv,,,,True,
C_env_shift,n20_compact,discrimination:aff_on,18,compact,,,,,,,,,,,,,NO_GIT_REPOSITORY,2026-07-22T22:59:10Z,publication_finalization/raw_results/n20_compact/env_shift_C/env_shift_seed_results.csv,,,True,,22
C_env_shift,n20_compact,transfer_fountain:aff_off,19,compact,,,,,,,,,,,,,NO_GIT_REPOSITORY,2026-07-22T22:59:19Z,publication_finalization/raw_results/n20_compact/env_shift_C/env_shift_seed_results.csv,,,,False,
C_env_shift,n20_compact,discrimination:aff_off,19,compact,,,,,,,,,,,,,NO_GIT_REPOSITORY,2026-07-22T22:59:31Z,publication_finalization/raw_results/n20_compact/env_shift_C/env_shift_seed_results.csv,,,False,,110
C_env_shift,n20_compact,transfer_fountain:aff_on,19,compact,,,,,,,,,,,,,NO_GIT_REPOSITORY,2026-07-22T22:59:35Z,publication_finalization/raw_results/n20_compact/env_shift_C/env_shift_seed_results.csv,,,,True,
C_env_shift,n20_compact,discrimination:aff_on,19,compact,,,,,,,,,,,,,NO_GIT_REPOSITORY,2026-07-22T22:59:39Z,publication_finalization/raw_results/n20_compact/env_shift_C/env_shift_seed_results.csv,,,True,,22
