seed,condition,steps,n_ticks,mean_agency,mean_spike_aligned,pfc_veto_rate,inhibited_rate,remembered_rate,mean_surprise,mean_drive_coherent,mean_homeostatic_abs_dev,final_homeostatic_abs_dev,agency_override_rate,action_entropy_bits,critical_state_tick_count,critical_state_tick_rate,profile,n_neurons,git_commit,timestamp_utc,survival_time
0,full,100,100,0.19799999999999962,1.0,0.99,0.99,0.99,1.0,0.0,0.8931481539130509,1.8158672890541285,0.0,0.7950402793845223,0,0.0,neuro-biológico,624,NO_GIT_REPOSITORY,2026-07-22T21:59:48Z,MISSING_not_formalized
1,full,100,100,0.19799999999999962,1.0,0.99,0.99,0.99,1.0,0.0,0.8931481539130509,1.8158672890541285,0.0,0.7950402793845223,0,0.0,neuro-biológico,624,NO_GIT_REPOSITORY,2026-07-22T22:00:06Z,MISSING_not_formalized
2,full,100,100,0.19799999999999962,0.99,0.99,0.99,0.99,1.0,0.0,0.8931481539130509,1.8158672890541285,0.0,0.8718511717297366,0,0.0,neuro-biológico,624,NO_GIT_REPOSITORY,2026-07-22T22:00:25Z,MISSING_not_formalized
3,full,100,100,0.19799999999999962,0.99,0.99,0.99,0.99,1.0,0.0,0.8931481539130509,1.8158672890541285,0.0,0.8718511717297366,0,0.0,neuro-biológico,624,NO_GIT_REPOSITORY,2026-07-22T22:00:44Z,MISSING_not_formalized
4,full,100,100,0.19799999999999962,0.99,0.99,0.99,0.99,1.0,0.0,0.8931481539130509,1.8158672890541285,0.0,0.8718511717297366,0,0.0,neuro-biológico,624,NO_GIT_REPOSITORY,2026-07-22T22:01:02Z,MISSING_not_formalized
5,full,100,100,0.19799999999999962,0.99,0.99,0.99,0.99,1.0,0.0,0.8931481539130509,1.8158672890541285,0.0,0.8718511717297366,0,0.0,neuro-biológico,624,NO_GIT_REPOSITORY,2026-07-22T22:01:21Z,MISSING_not_formalized
6,full,100,100,0.19799999999999962,0.99,0.99,0.99,0.99,1.0,0.0,0.8931481539130509,1.8158672890541285,0.0,0.8718511717297366,0,0.0,neuro-biológico,624,NO_GIT_REPOSITORY,2026-07-22T22:01:39Z,MISSING_not_formalized
7,full,100,100,0.19799999999999962,0.99,0.99,0.99,0.99,1.0,0.0,0.8931481539130509,1.8158672890541285,0.0,0.8718511717297366,0,0.0,neuro-biológico,624,NO_GIT_REPOSITORY,2026-07-22T22:01:58Z,MISSING_not_formalized
8,full,100,100,0.19799999999999962,0.99,0.99,0.99,0.99,1.0,0.0,0.8931481539130509,1.8158672890541285,0.0,0.8718511717297366,0,0.0,neuro-biológico,624,NO_GIT_REPOSITORY,2026-07-22T22:02:17Z,MISSING_not_formalized
9,full,100,100,0.19799999999999962,0.99,0.99,0.99,0.99,1.0,0.0,0.8931481539130509,1.8158672890541285,0.0,0.8718511717297366,0,0.0,neuro-biológico,624,NO_GIT_REPOSITORY,2026-07-22T22:02:35Z,MISSING_not_formalized
10,full,100,100,0.19799999999999962,0.99,0.99,0.99,0.99,1.0,0.0,0.8931481539130509,1.8158672890541285,0.0,0.8718511717297366,0,0.0,neuro-biológico,624,NO_GIT_REPOSITORY,2026-07-22T22:02:54Z,MISSING_not_formalized
11,full,100,100,0.19799999999999962,0.99,0.99,0.99,0.99,1.0,0.0,0.8931481539130509,1.8158672890541285,0.0,0.8718511717297366,0,0.0,neuro-biológico,624,NO_GIT_REPOSITORY,2026-07-22T22:03:12Z,MISSING_not_formalized
12,full,100,100,0.19799999999999962,0.99,0.99,0.99,0.99,1.0,0.0,0.8931481539130509,1.8158672890541285,0.0,0.8718511717297366,0,0.0,neuro-biológico,624,NO_GIT_REPOSITORY,2026-07-22T22:03:31Z,MISSING_not_formalized
13,full,100,100,0.19799999999999962,0.99,0.99,0.99,0.99,1.0,0.0,0.8931481539130509,1.8158672890541285,0.0,0.8718511717297366,0,0.0,neuro-biológico,624,NO_GIT_REPOSITORY,2026-07-22T22:03:49Z,MISSING_not_formalized
14,full,100,100,0.19799999999999962,0.99,0.99,0.99,0.99,1.0,0.0,0.8931481539130509,1.8158672890541285,0.0,0.8718511717297366,0,0.0,neuro-biológico,624,NO_GIT_REPOSITORY,2026-07-22T22:04:09Z,MISSING_not_formalized
15,full,100,100,0.19799999999999962,0.99,0.99,0.99,0.99,1.0,0.0,0.8931481539130509,1.8158672890541285,0.0,0.8718511717297366,0,0.0,neuro-biológico,624,NO_GIT_REPOSITORY,2026-07-22T22:04:27Z,MISSING_not_formalized
16,full,100,100,0.19799999999999962,0.99,0.99,0.99,0.99,1.0,0.0,0.8931481539130509,1.8158672890541285,0.0,0.8718511717297366,0,0.0,neuro-biológico,624,NO_GIT_REPOSITORY,2026-07-22T22:04:46Z,MISSING_not_formalized
17,full,100,100,0.19799999999999962,0.99,0.99,0.99,0.99,1.0,0.0,0.8931481539130509,1.8158672890541285,0.0,0.8718511717297366,0,0.0,neuro-biológico,624,NO_GIT_REPOSITORY,2026-07-22T22:05:06Z,MISSING_not_formalized
18,full,100,100,0.19799999999999962,0.99,0.99,0.99,0.99,1.0,0.0,0.8931481539130509,1.8158672890541285,0.0,0.8718511717297366,0,0.0,neuro-biológico,624,NO_GIT_REPOSITORY,2026-07-22T22:05:26Z,MISSING_not_formalized
19,full,100,100,0.19799999999999962,0.99,0.99,0.99,0.99,1.0,0.0,0.8931481539130509,1.8158672890541285,0.0,0.8718511717297366,0,0.0,neuro-biológico,624,NO_GIT_REPOSITORY,2026-07-22T22:05:46Z,MISSING_not_formalized
0,reactive,100,100,0.0,0.87,0.0,0.0,0.99,1.0,0.56,0.8931481539130509,1.8158672890541285,1.0,0.9895875212220557,0,0.0,neuro-biológico,624,NO_GIT_REPOSITORY,2026-07-22T22:06:08Z,MISSING_not_formalized
1,reactive,100,100,0.0,0.87,0.0,0.0,0.99,1.0,0.56,0.8931481539130509,1.8158672890541285,1.0,0.9895875212220557,0,0.0,neuro-biológico,624,NO_GIT_REPOSITORY,2026-07-22T22:06:28Z,MISSING_not_formalized
2,reactive,100,100,0.0,0.87,0.0,0.0,0.99,1.0,0.56,0.8931481539130509,1.8158672890541285,1.0,0.9895875212220557,0,0.0,neuro-biológico,624,NO_GIT_REPOSITORY,2026-07-22T22:06:49Z,MISSING_not_formalized
3,reactive,100,100,0.0,0.87,0.0,0.0,0.99,1.0,0.56,0.8931481539130509,1.8158672890541285,1.0,0.9895875212220557,0,0.0,neuro-biológico,624,NO_GIT_REPOSITORY,2026-07-22T22:07:10Z,MISSING_not_formalized
4,reactive,100,100,0.0,0.87,0.0,0.0,0.99,1.0,0.56,0.8931481539130509,1.8158672890541285,1.0,0.9895875212220557,0,0.0,neuro-biológico,624,NO_GIT_REPOSITORY,2026-07-22T22:07:31Z,MISSING_not_formalized
5,reactive,100,100,0.0,0.87,0.0,0.0,0.99,1.0,0.56,0.8931481539130509,1.8158672890541285,1.0,0.9895875212220557,0,0.0,neuro-biológico,624,NO_GIT_REPOSITORY,2026-07-22T22:07:52Z,MISSING_not_formalized
6,reactive,100,100,0.0,0.87,0.0,0.0,0.99,1.0,0.56,0.8931481539130509,1.8158672890541285,1.0,0.9895875212220557,0,0.0,neuro-biológico,624,NO_GIT_REPOSITORY,2026-07-22T22:08:18Z,MISSING_not_formalized
7,reactive,100,100,0.0,0.87,0.0,0.0,0.99,1.0,0.56,0.8931481539130509,1.8158672890541285,1.0,0.9895875212220557,0,0.0,neuro-biológico,624,NO_GIT_REPOSITORY,2026-07-22T22:08:39Z,MISSING_not_formalized
8,reactive,100,100,0.0,0.87,0.0,0.0,0.99,1.0,0.56,0.8931481539130509,1.8158672890541285,1.0,0.9895875212220557,0,0.0,neuro-biológico,624,NO_GIT_REPOSITORY,2026-07-22T22:09:00Z,MISSING_not_formalized
9,reactive,100,100,0.0,0.87,0.0,0.0,0.99,1.0,0.56,0.8931481539130509,1.8158672890541285,1.0,0.9895875212220557,0,0.0,neuro-biológico,624,NO_GIT_REPOSITORY,2026-07-22T22:09:21Z,MISSING_not_formalized
10,reactive,100,100,0.0,0.87,0.0,0.0,0.99,1.0,0.56,0.8931481539130509,1.8158672890541285,1.0,0.9895875212220557,0,0.0,neuro-biológico,624,NO_GIT_REPOSITORY,2026-07-22T22:09:42Z,MISSING_not_formalized
11,reactive,100,100,0.0,0.87,0.0,0.0,0.99,1.0,0.56,0.8931481539130509,1.8158672890541285,1.0,0.9895875212220557,0,0.0,neuro-biológico,624,NO_GIT_REPOSITORY,2026-07-22T22:10:03Z,MISSING_not_formalized
12,reactive,100,100,0.0,0.87,0.0,0.0,0.99,1.0,0.56,0.8931481539130509,1.8158672890541285,1.0,0.9895875212220557,0,0.0,neuro-biológico,624,NO_GIT_REPOSITORY,2026-07-22T22:10:24Z,MISSING_not_formalized
13,reactive,100,100,0.0,0.87,0.0,0.0,0.99,1.0,0.56,0.8931481539130509,1.8158672890541285,1.0,0.9895875212220557,0,0.0,neuro-biológico,624,NO_GIT_REPOSITORY,2026-07-22T22:10:47Z,MISSING_not_formalized
14,reactive,100,100,0.0,0.87,0.0,0.0,0.99,1.0,0.56,0.8931481539130509,1.8158672890541285,1.0,0.9895875212220557,0,0.0,neuro-biológico,624,NO_GIT_REPOSITORY,2026-07-22T22:11:14Z,MISSING_not_formalized
15,reactive,100,100,0.0,0.87,0.0,0.0,0.99,1.0,0.56,0.8931481539130509,1.8158672890541285,1.0,0.9895875212220557,0,0.0,neuro-biológico,624,NO_GIT_REPOSITORY,2026-07-22T22:11:39Z,MISSING_not_formalized
16,reactive,100,100,0.0,0.87,0.0,0.0,0.99,1.0,0.56,0.8931481539130509,1.8158672890541285,1.0,0.9895875212220557,0,0.0,neuro-biológico,624,NO_GIT_REPOSITORY,2026-07-22T22:12:00Z,MISSING_not_formalized
17,reactive,100,100,0.0,0.87,0.0,0.0,0.99,1.0,0.56,0.8931481539130509,1.8158672890541285,1.0,0.9895875212220557,0,0.0,neuro-biológico,624,NO_GIT_REPOSITORY,2026-07-22T22:12:21Z,MISSING_not_formalized
18,reactive,100,100,0.0,0.87,0.0,0.0,0.99,1.0,0.56,0.8931481539130509,1.8158672890541285,1.0,0.9895875212220557,0,0.0,neuro-biológico,624,NO_GIT_REPOSITORY,2026-07-22T22:12:43Z,MISSING_not_formalized
19,reactive,100,100,0.0,0.87,0.0,0.0,0.99,1.0,0.56,0.8931481539130509,1.8158672890541285,1.0,0.9895875212220557,0,0.0,neuro-biológico,624,NO_GIT_REPOSITORY,2026-07-22T22:13:09Z,MISSING_not_formalized
0,nohippo,100,100,0.19799999999999962,0.99,0.99,0.99,0.0,1.0,0.0,0.8931481539130509,1.8158672890541285,0.0,0.8718511717297366,0,0.0,neuro-biológico,624,NO_GIT_REPOSITORY,2026-07-22T22:13:20Z,MISSING_not_formalized
1,nohippo,100,100,0.19799999999999962,0.99,0.99,0.99,0.0,1.0,0.0,0.8931481539130509,1.8158672890541285,0.0,0.8718511717297366,0,0.0,neuro-biológico,624,NO_GIT_REPOSITORY,2026-07-22T22:13:29Z,MISSING_not_formalized
2,nohippo,100,100,0.19799999999999962,0.99,0.99,0.99,0.0,1.0,0.0,0.8931481539130509,1.8158672890541285,0.0,0.8718511717297366,0,0.0,neuro-biológico,624,NO_GIT_REPOSITORY,2026-07-22T22:13:39Z,MISSING_not_formalized
3,nohippo,100,100,0.19799999999999962,0.99,0.99,0.99,0.0,1.0,0.0,0.8931481539130509,1.8158672890541285,0.0,0.8718511717297366,0,0.0,neuro-biológico,624,NO_GIT_REPOSITORY,2026-07-22T22:13:50Z,MISSING_not_formalized
4,nohippo,100,100,0.19799999999999962,0.99,0.99,0.99,0.0,1.0,0.0,0.8931481539130509,1.8158672890541285,0.0,0.8718511717297366,0,0.0,neuro-biológico,624,NO_GIT_REPOSITORY,2026-07-22T22:14:00Z,MISSING_not_formalized
5,nohippo,100,100,0.19799999999999962,0.99,0.99,0.99,0.0,1.0,0.0,0.8931481539130509,1.8158672890541285,0.0,0.8718511717297366,0,0.0,neuro-biológico,624,NO_GIT_REPOSITORY,2026-07-22T22:14:11Z,MISSING_not_formalized
6,nohippo,100,100,0.19799999999999962,0.99,0.99,0.99,0.0,1.0,0.0,0.8931481539130509,1.8158672890541285,0.0,0.8718511717297366,0,0.0,neuro-biológico,624,NO_GIT_REPOSITORY,2026-07-22T22:14:21Z,MISSING_not_formalized
7,nohippo,100,100,0.19799999999999962,0.99,0.99,0.99,0.0,1.0,0.0,0.8931481539130509,1.8158672890541285,0.0,0.8718511717297366,0,0.0,neuro-biológico,624,NO_GIT_REPOSITORY,2026-07-22T22:14:31Z,MISSING_not_formalized
8,nohippo,100,100,0.19799999999999962,0.99,0.99,0.99,0.0,1.0,0.0,0.8931481539130509,1.8158672890541285,0.0,0.8718511717297366,0,0.0,neuro-biológico,624,NO_GIT_REPOSITORY,2026-07-22T22:14:40Z,MISSING_not_formalized
9,nohippo,100,100,0.19799999999999962,0.99,0.99,0.99,0.0,1.0,0.0,0.8931481539130509,1.8158672890541285,0.0,0.8718511717297366,0,0.0,neuro-biológico,624,NO_GIT_REPOSITORY,2026-07-22T22:14:50Z,MISSING_not_formalized
10,nohippo,100,100,0.19799999999999962,0.99,0.99,0.99,0.0,1.0,0.0,0.8931481539130509,1.8158672890541285,0.0,0.8718511717297366,0,0.0,neuro-biológico,624,NO_GIT_REPOSITORY,2026-07-22T22:15:00Z,MISSING_not_formalized
11,nohippo,100,100,0.19799999999999962,0.99,0.99,0.99,0.0,1.0,0.0,0.8931481539130509,1.8158672890541285,0.0,0.8718511717297366,0,0.0,neuro-biológico,624,NO_GIT_REPOSITORY,2026-07-22T22:15:09Z,MISSING_not_formalized
12,nohippo,100,100,0.19799999999999962,0.99,0.99,0.99,0.0,1.0,0.0,0.8931481539130509,1.8158672890541285,0.0,0.8718511717297366,0,0.0,neuro-biológico,624,NO_GIT_REPOSITORY,2026-07-22T22:15:16Z,MISSING_not_formalized
13,nohippo,100,100,0.19799999999999962,0.99,0.99,0.99,0.0,1.0,0.0,0.8931481539130509,1.8158672890541285,0.0,0.8718511717297366,0,0.0,neuro-biológico,624,NO_GIT_REPOSITORY,2026-07-22T22:15:25Z,MISSING_not_formalized
14,nohippo,100,100,0.19799999999999962,0.99,0.99,0.99,0.0,1.0,0.0,0.8931481539130509,1.8158672890541285,0.0,0.8718511717297366,0,0.0,neuro-biológico,624,NO_GIT_REPOSITORY,2026-07-22T22:15:39Z,MISSING_not_formalized
15,nohippo,100,100,0.19799999999999962,0.99,0.99,0.99,0.0,1.0,0.0,0.8931481539130509,1.8158672890541285,0.0,0.8718511717297366,0,0.0,neuro-biológico,624,NO_GIT_REPOSITORY,2026-07-22T22:15:46Z,MISSING_not_formalized
16,nohippo,100,100,0.19799999999999962,0.99,0.99,0.99,0.0,1.0,0.0,0.8931481539130509,1.8158672890541285,0.0,0.8718511717297366,0,0.0,neuro-biológico,624,NO_GIT_REPOSITORY,2026-07-22T22:15:52Z,MISSING_not_formalized
17,nohippo,100,100,0.19799999999999962,0.99,0.99,0.99,0.0,1.0,0.0,0.8931481539130509,1.8158672890541285,0.0,0.8718511717297366,0,0.0,neuro-biológico,624,NO_GIT_REPOSITORY,2026-07-22T22:15:59Z,MISSING_not_formalized
18,nohippo,100,100,0.19799999999999962,0.99,0.99,0.99,0.0,1.0,0.0,0.8931481539130509,1.8158672890541285,0.0,0.8718511717297366,0,0.0,neuro-biológico,624,NO_GIT_REPOSITORY,2026-07-22T22:16:05Z,MISSING_not_formalized
19,nohippo,100,100,0.19799999999999962,0.99,0.99,0.99,0.0,1.0,0.0,0.8931481539130509,1.8158672890541285,0.0,0.8718511717297366,0,0.0,neuro-biológico,624,NO_GIT_REPOSITORY,2026-07-22T22:16:11Z,MISSING_not_formalized
0,no_homeostasis,100,100,0.0,1.0,0.0,0.0,0.99,1.0,0.0,0.0,0.0,0.01,0.0,0,0.0,neuro-biológico,624,NO_GIT_REPOSITORY,2026-07-22T22:16:21Z,MISSING_not_formalized
1,no_homeostasis,100,100,0.0,1.0,0.0,0.0,0.99,1.0,0.0,0.0,0.0,0.01,0.0,0,0.0,neuro-biológico,624,NO_GIT_REPOSITORY,2026-07-22T22:16:31Z,MISSING_not_formalized
2,no_homeostasis,100,100,0.0,1.0,0.0,0.0,0.99,1.0,0.0,0.0,0.0,0.01,0.0,0,0.0,neuro-biológico,624,NO_GIT_REPOSITORY,2026-07-22T22:16:42Z,MISSING_not_formalized
3,no_homeostasis,100,100,0.0,1.0,0.0,0.0,0.99,1.0,0.0,0.0,0.0,0.01,0.0,0,0.0,neuro-biológico,624,NO_GIT_REPOSITORY,2026-07-22T22:16:52Z,MISSING_not_formalized
4,no_homeostasis,100,100,0.0,1.0,0.0,0.0,0.99,1.0,0.0,0.0,0.0,0.01,0.0,0,0.0,neuro-biológico,624,NO_GIT_REPOSITORY,2026-07-22T22:17:03Z,MISSING_not_formalized
5,no_homeostasis,100,100,0.0,1.0,0.0,0.0,0.99,1.0,0.0,0.0,0.0,0.01,0.0,0,0.0,neuro-biológico,624,NO_GIT_REPOSITORY,2026-07-22T22:17:13Z,MISSING_not_formalized
6,no_homeostasis,100,100,0.0,1.0,0.0,0.0,0.99,1.0,0.0,0.0,0.0,0.01,0.0,0,0.0,neuro-biológico,624,NO_GIT_REPOSITORY,2026-07-22T22:17:24Z,MISSING_not_formalized
7,no_homeostasis,100,100,0.0,1.0,0.0,0.0,0.99,1.0,0.0,0.0,0.0,0.01,0.0,0,0.0,neuro-biológico,624,NO_GIT_REPOSITORY,2026-07-22T22:17:34Z,MISSING_not_formalized
8,no_homeostasis,100,100,0.0,1.0,0.0,0.0,0.99,1.0,0.0,0.0,0.0,0.01,0.0,0,0.0,neuro-biológico,624,NO_GIT_REPOSITORY,2026-07-22T22:17:44Z,MISSING_not_formalized
9,no_homeostasis,100,100,0.0,1.0,0.0,0.0,0.99,1.0,0.0,0.0,0.0,0.01,0.0,0,0.0,neuro-biológico,624,NO_GIT_REPOSITORY,2026-07-22T22:17:55Z,MISSING_not_formalized
10,no_homeostasis,100,100,0.0,1.0,0.0,0.0,0.99,1.0,0.0,0.0,0.0,0.01,0.0,0,0.0,neuro-biológico,624,NO_GIT_REPOSITORY,2026-07-22T22:18:05Z,MISSING_not_formalized
11,no_homeostasis,100,100,0.0,1.0,0.0,0.0,0.99,1.0,0.0,0.0,0.0,0.01,0.0,0,0.0,neuro-biológico,624,NO_GIT_REPOSITORY,2026-07-22T22:18:16Z,MISSING_not_formalized
12,no_homeostasis,100,100,0.0,1.0,0.0,0.0,0.99,1.0,0.0,0.0,0.0,0.01,0.0,0,0.0,neuro-biológico,624,NO_GIT_REPOSITORY,2026-07-22T22:18:26Z,MISSING_not_formalized
13,no_homeostasis,100,100,0.0,1.0,0.0,0.0,0.99,1.0,0.0,0.0,0.0,0.01,0.0,0,0.0,neuro-biológico,624,NO_GIT_REPOSITORY,2026-07-22T22:18:37Z,MISSING_not_formalized
14,no_homeostasis,100,100,0.0,1.0,0.0,0.0,0.99,1.0,0.0,0.0,0.0,0.01,0.0,0,0.0,neuro-biológico,624,NO_GIT_REPOSITORY,2026-07-22T22:18:47Z,MISSING_not_formalized
15,no_homeostasis,100,100,0.0,1.0,0.0,0.0,0.99,1.0,0.0,0.0,0.0,0.01,0.0,0,0.0,neuro-biológico,624,NO_GIT_REPOSITORY,2026-07-22T22:18:57Z,MISSING_not_formalized
16,no_homeostasis,100,100,0.0,1.0,0.0,0.0,0.99,1.0,0.0,0.0,0.0,0.01,0.0,0,0.0,neuro-biológico,624,NO_GIT_REPOSITORY,2026-07-22T22:19:08Z,MISSING_not_formalized
17,no_homeostasis,100,100,0.0,1.0,0.0,0.0,0.99,1.0,0.0,0.0,0.0,0.01,0.0,0,0.0,neuro-biológico,624,NO_GIT_REPOSITORY,2026-07-22T22:19:25Z,MISSING_not_formalized
18,no_homeostasis,100,100,0.0,1.0,0.0,0.0,0.99,1.0,0.0,0.0,0.0,0.01,0.0,0,0.0,neuro-biológico,624,NO_GIT_REPOSITORY,2026-07-22T22:19:35Z,MISSING_not_formalized
19,no_homeostasis,100,100,0.0,1.0,0.0,0.0,0.99,1.0,0.0,0.0,0.0,0.01,0.0,0,0.0,neuro-biológico,624,NO_GIT_REPOSITORY,2026-07-22T22:19:46Z,MISSING_not_formalized
0,nopfc,100,100,0.0,0.85,0.0,0.0,0.99,1.0,0.45,0.8943867984412792,1.8169227495122433,0.0,0.9483806484984665,0,0.0,neuro-biológico,624,NO_GIT_REPOSITORY,2026-07-22T22:20:10Z,MISSING_not_formalized
1,nopfc,100,100,0.0,0.85,0.0,0.0,0.99,1.0,0.45,0.8943867984412792,1.8169227495122433,0.0,0.9483806484984665,0,0.0,neuro-biológico,624,NO_GIT_REPOSITORY,2026-07-22T22:20:34Z,MISSING_not_formalized
2,nopfc,100,100,0.0,0.85,0.0,0.0,0.99,1.0,0.45,0.8943867984412792,1.8169227495122433,0.0,0.9483806484984665,0,0.0,neuro-biológico,624,NO_GIT_REPOSITORY,2026-07-22T22:20:59Z,MISSING_not_formalized
3,nopfc,100,100,0.0,0.85,0.0,0.0,0.99,1.0,0.45,0.8943867984412792,1.8169227495122433,0.0,0.9483806484984665,0,0.0,neuro-biológico,624,NO_GIT_REPOSITORY,2026-07-22T22:21:23Z,MISSING_not_formalized
4,nopfc,100,100,0.0,0.85,0.0,0.0,0.99,1.0,0.45,0.8943867984412792,1.8169227495122433,0.0,0.9483806484984665,0,0.0,neuro-biológico,624,NO_GIT_REPOSITORY,2026-07-22T22:21:48Z,MISSING_not_formalized
5,nopfc,100,100,0.0,0.85,0.0,0.0,0.99,1.0,0.45,0.8943867984412792,1.8169227495122433,0.0,0.9483806484984665,0,0.0,neuro-biológico,624,NO_GIT_REPOSITORY,2026-07-22T22:22:12Z,MISSING_not_formalized
6,nopfc,100,100,0.0,0.85,0.0,0.0,0.99,1.0,0.45,0.8943867984412792,1.8169227495122433,0.0,0.9483806484984665,0,0.0,neuro-biológico,624,NO_GIT_REPOSITORY,2026-07-22T22:22:36Z,MISSING_not_formalized
7,nopfc,100,100,0.0,0.85,0.0,0.0,0.99,1.0,0.45,0.8943867984412792,1.8169227495122433,0.0,0.9483806484984665,0,0.0,neuro-biológico,624,NO_GIT_REPOSITORY,2026-07-22T22:23:01Z,MISSING_not_formalized
8,nopfc,100,100,0.0,0.85,0.0,0.0,0.99,1.0,0.45,0.8943867984412792,1.8169227495122433,0.0,0.9483806484984665,0,0.0,neuro-biológico,624,NO_GIT_REPOSITORY,2026-07-22T22:23:26Z,MISSING_not_formalized
9,nopfc,100,100,0.0,0.85,0.0,0.0,0.99,1.0,0.45,0.8943867984412792,1.8169227495122433,0.0,0.9483806484984665,0,0.0,neuro-biológico,624,NO_GIT_REPOSITORY,2026-07-22T22:23:50Z,MISSING_not_formalized
10,nopfc,100,100,0.0,0.85,0.0,0.0,0.99,1.0,0.45,0.8943867984412792,1.8169227495122433,0.0,0.9483806484984665,0,0.0,neuro-biológico,624,NO_GIT_REPOSITORY,2026-07-22T22:24:14Z,MISSING_not_formalized
11,nopfc,100,100,0.0,0.85,0.0,0.0,0.99,1.0,0.45,0.8943867984412792,1.8169227495122433,0.0,0.9483806484984665,0,0.0,neuro-biológico,624,NO_GIT_REPOSITORY,2026-07-22T22:24:39Z,MISSING_not_formalized
12,nopfc,100,100,0.0,0.85,0.0,0.0,0.99,1.0,0.45,0.8943867984412792,1.8169227495122433,0.0,0.9483806484984665,0,0.0,neuro-biológico,624,NO_GIT_REPOSITORY,2026-07-22T22:25:03Z,MISSING_not_formalized
13,nopfc,100,100,0.0,0.85,0.0,0.0,0.99,1.0,0.45,0.8943867984412792,1.8169227495122433,0.0,0.9483806484984665,0,0.0,neuro-biológico,624,NO_GIT_REPOSITORY,2026-07-22T22:25:28Z,MISSING_not_formalized
14,nopfc,100,100,0.0,0.85,0.0,0.0,0.99,1.0,0.45,0.8943867984412792,1.8169227495122433,0.0,0.9483806484984665,0,0.0,neuro-biológico,624,NO_GIT_REPOSITORY,2026-07-22T22:25:52Z,MISSING_not_formalized
15,nopfc,100,100,0.0,0.85,0.0,0.0,0.99,1.0,0.45,0.8943867984412792,1.8169227495122433,0.0,0.9483806484984665,0,0.0,neuro-biológico,624,NO_GIT_REPOSITORY,2026-07-22T22:26:16Z,MISSING_not_formalized
16,nopfc,100,100,0.0,0.85,0.0,0.0,0.99,1.0,0.45,0.8943867984412792,1.8169227495122433,0.0,0.9483806484984665,0,0.0,neuro-biológico,624,NO_GIT_REPOSITORY,2026-07-22T22:26:41Z,MISSING_not_formalized
17,nopfc,100,100,0.0,0.85,0.0,0.0,0.99,1.0,0.45,0.8943867984412792,1.8169227495122433,0.0,0.9483806484984665,0,0.0,neuro-biológico,624,NO_GIT_REPOSITORY,2026-07-22T22:27:05Z,MISSING_not_formalized
18,nopfc,100,100,0.0,0.85,0.0,0.0,0.99,1.0,0.45,0.8943867984412792,1.8169227495122433,0.0,0.9483806484984665,0,0.0,neuro-biológico,624,NO_GIT_REPOSITORY,2026-07-22T22:27:30Z,MISSING_not_formalized
19,nopfc,100,100,0.0,0.85,0.0,0.0,0.99,1.0,0.45,0.8943867984412792,1.8169227495122433,0.0,0.9483806484984665,0,0.0,neuro-biológico,624,NO_GIT_REPOSITORY,2026-07-22T22:27:54Z,MISSING_not_formalized
0,td_direct,100,100,0.0,0.97,1.0,1.0,0.99,1.0,0.0,0.7953161471796131,0.9921645775684319,1.0,0.0,0,0.0,neuro-biológico,624,NO_GIT_REPOSITORY,2026-07-22T22:28:17Z,MISSING_not_formalized
1,td_direct,100,100,0.0,0.97,1.0,1.0,0.99,1.0,0.0,0.7953161471796131,0.9921645775684319,1.0,0.0,0,0.0,neuro-biológico,624,NO_GIT_REPOSITORY,2026-07-22T22:28:40Z,MISSING_not_formalized
2,td_direct,100,100,0.0,0.97,1.0,1.0,0.99,1.0,0.0,0.7953161471796131,0.9921645775684319,1.0,0.0,0,0.0,neuro-biológico,624,NO_GIT_REPOSITORY,2026-07-22T22:29:03Z,MISSING_not_formalized
3,td_direct,100,100,0.0,0.97,1.0,1.0,0.99,1.0,0.0,0.7953161471796131,0.9921645775684319,1.0,0.0,0,0.0,neuro-biológico,624,NO_GIT_REPOSITORY,2026-07-22T22:29:25Z,MISSING_not_formalized
4,td_direct,100,100,0.0,0.97,1.0,1.0,0.99,1.0,0.0,0.7953161471796131,0.9921645775684319,1.0,0.0,0,0.0,neuro-biológico,624,NO_GIT_REPOSITORY,2026-07-22T22:29:48Z,MISSING_not_formalized
5,td_direct,100,100,0.0,0.97,1.0,1.0,0.99,1.0,0.0,0.7953161471796131,0.9921645775684319,1.0,0.0,0,0.0,neuro-biológico,624,NO_GIT_REPOSITORY,2026-07-22T22:30:11Z,MISSING_not_formalized
6,td_direct,100,100,0.0,0.97,1.0,1.0,0.99,1.0,0.0,0.7953161471796131,0.9921645775684319,1.0,0.0,0,0.0,neuro-biológico,624,NO_GIT_REPOSITORY,2026-07-22T22:30:34Z,MISSING_not_formalized
7,td_direct,100,100,0.0,0.97,1.0,1.0,0.99,1.0,0.0,0.7953161471796131,0.9921645775684319,1.0,0.0,0,0.0,neuro-biológico,624,NO_GIT_REPOSITORY,2026-07-22T22:30:57Z,MISSING_not_formalized
8,td_direct,100,100,0.0,0.97,1.0,1.0,0.99,1.0,0.0,0.7953161471796131,0.9921645775684319,1.0,0.0,0,0.0,neuro-biológico,624,NO_GIT_REPOSITORY,2026-07-22T22:31:20Z,MISSING_not_formalized
9,td_direct,100,100,0.0,0.97,1.0,1.0,0.99,1.0,0.0,0.7953161471796131,0.9921645775684319,1.0,0.0,0,0.0,neuro-biológico,624,NO_GIT_REPOSITORY,2026-07-22T22:31:43Z,MISSING_not_formalized
10,td_direct,100,100,0.0,0.97,1.0,1.0,0.99,1.0,0.0,0.7953161471796131,0.9921645775684319,1.0,0.0,0,0.0,neuro-biológico,624,NO_GIT_REPOSITORY,2026-07-22T22:32:06Z,MISSING_not_formalized
11,td_direct,100,100,0.0,0.97,1.0,1.0,0.99,1.0,0.0,0.7953161471796131,0.9921645775684319,1.0,0.0,0,0.0,neuro-biológico,624,NO_GIT_REPOSITORY,2026-07-22T22:32:29Z,MISSING_not_formalized
12,td_direct,100,100,0.0,0.97,1.0,1.0,0.99,1.0,0.0,0.7953161471796131,0.9921645775684319,1.0,0.0,0,0.0,neuro-biológico,624,NO_GIT_REPOSITORY,2026-07-22T22:32:51Z,MISSING_not_formalized
13,td_direct,100,100,0.0,0.97,1.0,1.0,0.99,1.0,0.0,0.7953161471796131,0.9921645775684319,1.0,0.0,0,0.0,neuro-biológico,624,NO_GIT_REPOSITORY,2026-07-22T22:33:14Z,MISSING_not_formalized
14,td_direct,100,100,0.0,0.97,1.0,1.0,0.99,1.0,0.0,0.7953161471796131,0.9921645775684319,1.0,0.0,0,0.0,neuro-biológico,624,NO_GIT_REPOSITORY,2026-07-22T22:33:37Z,MISSING_not_formalized
15,td_direct,100,100,0.0,0.97,1.0,1.0,0.99,1.0,0.0,0.7953161471796131,0.9921645775684319,1.0,0.0,0,0.0,neuro-biológico,624,NO_GIT_REPOSITORY,2026-07-22T22:34:01Z,MISSING_not_formalized
16,td_direct,100,100,0.0,0.97,1.0,1.0,0.99,1.0,0.0,0.7953161471796131,0.9921645775684319,1.0,0.0,0,0.0,neuro-biológico,624,NO_GIT_REPOSITORY,2026-07-22T22:34:24Z,MISSING_not_formalized
17,td_direct,100,100,0.0,0.97,1.0,1.0,0.99,1.0,0.0,0.7953161471796131,0.9921645775684319,1.0,0.0,0,0.0,neuro-biológico,624,NO_GIT_REPOSITORY,2026-07-22T22:34:46Z,MISSING_not_formalized
18,td_direct,100,100,0.0,0.97,1.0,1.0,0.99,1.0,0.0,0.7953161471796131,0.9921645775684319,1.0,0.0,0,0.0,neuro-biológico,624,NO_GIT_REPOSITORY,2026-07-22T22:35:09Z,MISSING_not_formalized
19,td_direct,100,100,0.0,0.97,1.0,1.0,0.99,1.0,0.0,0.7953161471796131,0.9921645775684319,1.0,0.0,0,0.0,neuro-biológico,624,NO_GIT_REPOSITORY,2026-07-22T22:35:32Z,MISSING_not_formalized
