seed,condition,mean_recall_emotional,mean_recall_neutral,mean_recall_all,emotion_advantage,n_emotional,n_neutral
0,control,0.7116626352071762,0.6932503640651704,0.7024564996361733,0.01841227114200583,2,2
0,uniform,0.8316626352071762,0.8732503640651703,0.8524564996361732,-0.04158772885799411,2,2
0,selective,1.0,1.0,1.0,0.0,2,2
1,control,0.7116626352071762,0.6932503640651704,0.7024564996361733,0.01841227114200583,2,2
1,uniform,0.7116626352071762,0.8322715386748314,0.7719670869410038,-0.12060890346765518,2,2
1,selective,1.0,0.9209788253903389,0.9604894126951695,0.07902117460966107,2,2
2,control,0.7116626352071762,0.6932503640651704,0.7024564996361733,0.01841227114200583,2,2
2,uniform,0.7116626352071762,0.8132503640651703,0.7624564996361732,-0.10158772885799405,2,2
2,selective,0.8316626352071762,0.8922715386748314,0.8619670869410038,-0.06060890346765524,2,2
3,control,0.7116626352071762,0.6932503640651704,0.7024564996361733,0.01841227114200583,2,2
3,uniform,0.8316626352071762,0.8732503640651703,0.8524564996361732,-0.04158772885799411,2,2
3,selective,1.0,0.9809788253903389,0.9904894126951694,0.01902117460966113,2,2
4,control,0.7116626352071762,0.6932503640651704,0.7024564996361733,0.01841227114200583,2,2
4,uniform,0.9516626352071762,0.8732503640651703,0.9124564996361733,0.07841227114200588,2,2
4,selective,0.9516626352071762,0.9522715386748314,0.9519670869410037,-0.0006089034676551863,2,2
