block,condition,n_seeds,profile,git_commit,generated_utc,mean_agency_mean,mean_agency_sd,mean_agency_ci95_lo,mean_agency_ci95_hi,mean_spike_aligned_mean,mean_spike_aligned_sd,mean_spike_aligned_ci95_lo,mean_spike_aligned_ci95_hi,mean_drive_coherent_mean,mean_drive_coherent_sd,mean_drive_coherent_ci95_lo,mean_drive_coherent_ci95_hi,remembered_rate_mean,remembered_rate_sd,remembered_rate_ci95_lo,remembered_rate_ci95_hi,mean_homeostatic_abs_dev_mean,mean_homeostatic_abs_dev_sd,mean_homeostatic_abs_dev_ci95_lo,mean_homeostatic_abs_dev_ci95_hi,agency_override_rate_mean,agency_override_rate_sd,agency_override_rate_ci95_lo,agency_override_rate_ci95_hi,action_entropy_bits_mean,action_entropy_bits_sd,action_entropy_bits_ci95_lo,action_entropy_bits_ci95_hi,critical_state_tick_rate_mean,critical_state_tick_rate_sd,critical_state_tick_rate_ci95_lo,critical_state_tick_rate_ci95_hi,mean_recall_mean,mean_recall_sd,mean_recall_ci95_lo,mean_recall_ci95_hi,mean_agency_note,mean_spike_aligned_note,mean_drive_coherent_note,remembered_rate_note,mean_homeostatic_abs_dev_note,agency_override_rate_note,action_entropy_bits_note,critical_state_tick_rate_note
A_baselines,full,20,neuro-biológico,NO_GIT_REPOSITORY,2026-07-22T23:01:31Z,0.1979999999999996,2.8476619731297836e-17,0.1979999999999996,0.1979999999999996,0.9909999999999997,0.003077935056255465,0.9899999999999997,0.9924999999999997,0.0,0.0,0.0,0.0,0.9899999999999997,3.4171943677557405e-16,0.9899999999999997,0.9899999999999997,0.8931481539130507,2.278129578503827e-16,0.8931481539130507,0.8931481539130507,0.0,0.0,0.0,0.0,0.8641700824952153,0.02364189382515995,0.8526484486434331,0.8718511717297368,0.0,0.0,0.0,0.0,,,,,,,,,,,,
A_baselines,no_homeostasis,20,neuro-biológico,NO_GIT_REPOSITORY,2026-07-22T23:01:32Z,0.0,0.0,0.0,0.0,1.0,0.0,1.0,1.0,0.0,0.0,0.0,0.0,0.9899999999999997,3.4171943677557405e-16,0.9899999999999997,0.9899999999999997,0.0,0.0,0.0,0.0,0.010000000000000002,1.7797887332061147e-18,0.010000000000000002,0.010000000000000002,0.0,0.0,0.0,0.0,0.0,0.0,0.0,0.0,,,,,,,,,,,,
A_baselines,nohippo,20,neuro-biológico,NO_GIT_REPOSITORY,2026-07-22T23:01:33Z,0.1979999999999996,2.8476619731297836e-17,0.1979999999999996,0.1979999999999996,0.9899999999999997,3.4171943677557405e-16,0.9899999999999997,0.9899999999999997,0.0,0.0,0.0,0.0,0.0,0.0,0.0,0.0,0.8931481539130507,2.278129578503827e-16,0.8931481539130507,0.8931481539130507,0.0,0.0,0.0,0.0,0.8718511717297368,2.278129578503827e-16,0.8718511717297368,0.8718511717297368,0.0,0.0,0.0,0.0,,,,,,,,,,,,
A_baselines,nopfc,20,neuro-biológico,NO_GIT_REPOSITORY,2026-07-22T23:01:33Z,0.0,0.0,0.0,0.0,0.85,0.0,0.85,0.85,0.4499999999999999,1.1390647892519134e-16,0.4499999999999999,0.4499999999999999,0.9899999999999997,3.4171943677557405e-16,0.9899999999999997,0.9899999999999997,0.894386798441279,2.278129578503827e-16,0.894386798441279,0.894386798441279,0.0,0.0,0.0,0.0,0.9483806484984667,2.278129578503827e-16,0.9483806484984667,0.9483806484984667,0.0,0.0,0.0,0.0,,,,,,,,,,,,
A_baselines,reactive,20,neuro-biológico,NO_GIT_REPOSITORY,2026-07-22T23:01:34Z,0.0,0.0,0.0,0.0,0.8699999999999999,1.1390647892519134e-16,0.8699999999999999,0.8699999999999999,0.5600000000000002,1.1390647892519134e-16,0.5600000000000002,0.5600000000000002,0.9899999999999997,3.4171943677557405e-16,0.9899999999999997,0.9899999999999997,0.8931481539130507,2.278129578503827e-16,0.8931481539130507,0.8931481539130507,1.0,0.0,1.0,1.0,0.9895875212220557,0.0,0.9895875212220557,0.9895875212220557,0.0,0.0,0.0,0.0,,,,,,,,,,,,
A_baselines,td_direct,20,neuro-biológico,NO_GIT_REPOSITORY,2026-07-22T23:01:35Z,0.0,0.0,0.0,0.0,0.9699999999999998,2.278129578503827e-16,0.9699999999999998,0.9699999999999998,0.0,0.0,0.0,0.0,0.9899999999999997,3.4171943677557405e-16,0.9899999999999997,0.9899999999999997,0.7953161471796129,2.278129578503827e-16,0.7953161471796129,0.7953161471796129,1.0,0.0,1.0,1.0,0.0,0.0,0.0,0.0,0.0,0.0,0.0,0.0,,,,,,,,,,,,
B_agency_break,agency_break,20,neuro-biológico,NO_GIT_REPOSITORY,2026-07-22T23:01:36Z,0.0,0.0,0.0,0.0,0.9899999999999997,3.4171943677557405e-16,0.9899999999999997,0.9899999999999997,0.0,0.0,0.0,0.0,0.9899999999999997,3.4171943677557405e-16,0.9899999999999997,0.9899999999999997,0.7873435077656323,0.0,0.7873435077656323,0.7873435077656323,1.0,0.0,1.0,1.0,1.0707202712709105,2.278129578503827e-16,1.0707202712709105,1.0707202712709105,0.0,0.0,0.0,0.0,,,,,,,,,,,,
B_agency_break,full,20,neuro-biológico,NO_GIT_REPOSITORY,2026-07-22T23:01:37Z,0.1979999999999996,2.8476619731297836e-17,0.1979999999999996,0.1979999999999996,0.9899999999999997,3.4171943677557405e-16,0.9899999999999997,0.9899999999999997,0.0,0.0,0.0,0.0,0.9899999999999997,3.4171943677557405e-16,0.9899999999999997,0.9899999999999997,0.8931481539130507,2.278129578503827e-16,0.8931481539130507,0.8931481539130507,0.0,0.0,0.0,0.0,0.8718511717297368,2.278129578503827e-16,0.8718511717297368,0.8718511717297368,0.0,0.0,0.0,0.0,,,,,,,,,,,,
C_env_shift,discrimination:aff_off,20,compact,NO_GIT_REPOSITORY,2026-07-22T23:01:38Z,,,,,,,,,,,,,,,,,,,,,,,,,,,,,,,,,,,,,,,,,,,,
C_env_shift,discrimination:aff_on,20,compact,NO_GIT_REPOSITORY,2026-07-22T23:01:38Z,,,,,,,,,,,,,,,,,,,,,,,,,,,,,,,,,,,,,,,,,,,,
C_env_shift,transfer_fountain:aff_off,20,compact,NO_GIT_REPOSITORY,2026-07-22T23:01:38Z,,,,,,,,,,,,,,,,,,,,,,,,,,,,,,,,,,,,,,,,,,,,
C_env_shift,transfer_fountain:aff_on,20,compact,NO_GIT_REPOSITORY,2026-07-22T23:01:38Z,,,,,,,,,,,,,,,,,,,,,,,,,,,,,,,,,,,,,,,,,,,,
D_historical_E1_10k,full,5,neuro-10k,NO_GIT_REPOSITORY,2026-07-22T23:01:38Z,0.1319999999999997,0.0,0.1319999999999997,0.1319999999999997,0.9949999999999999,1.2412670766236366e-16,0.9949999999999999,0.9949999999999999,0.2925,0.0,0.2925,0.2925,0.9949999999999999,1.2412670766236366e-16,0.9949999999999999,0.9949999999999999,,,,,0.0,0.0,0.0,0.0,,,,,,,,,,,,,,,,,,,,
D_historical_E1_10k,noaffect,5,neuro-10k,NO_GIT_REPOSITORY,2026-07-22T23:01:38Z,0.11839999999999973,0.0008944271909999096,0.11759999999999975,0.11899999999999973,0.506,0.031304951684997084,0.483,0.5309999999999999,0.3275,0.0035355339059327407,0.325,0.3305,0.9949999999999999,1.2412670766236366e-16,0.9949999999999999,0.9949999999999999,,,,,0.0,0.0,0.0,0.0,,,,,,,,,,,,,,,,,,,,
D_historical_E1_10k,nobind,5,neuro-10k,NO_GIT_REPOSITORY,2026-07-22T23:01:39Z,0.1321999999999997,0.011122050170719384,0.12259499999999972,0.13979999999999967,0.0,0.0,0.0,0.0,0.248,0.05368891878218448,0.211,0.29402499999999965,0.9949999999999999,1.2412670766236366e-16,0.9949999999999999,0.9949999999999999,,,,,0.0,0.0,0.0,0.0,,,,,,,,,,,,,,,,,,,,
D_historical_E1_10k,nohippo,5,neuro-10k,NO_GIT_REPOSITORY,2026-07-22T23:01:39Z,0.13499999999999968,0.0010000000000000009,0.13419999999999968,0.13579999999999967,0.8400000000000001,0.050990195135927854,0.799,0.8779999999999999,0.2655,0.004472135954999583,0.262,0.269,0.0,0.0,0.0,0.0,,,,,0.0,0.0,0.0,0.0,,,,,,,,,,,,,,,,,,,,
D_historical_E1_10k,nopfc,5,neuro-10k,NO_GIT_REPOSITORY,2026-07-22T23:01:40Z,0.0,0.0,0.0,0.0,0.535,0.018371173070873853,0.521,0.5490000000000002,0.9129999999999999,0.007786205751198754,0.9069999999999998,0.9189999999999999,0.9949999999999999,1.2412670766236366e-16,0.9949999999999999,0.9949999999999999,,,,,0.0,0.0,0.0,0.0,,,,,,,,,,,,,,,,,,,,
D_historical_E2_10k,llm_invariance,5,neuro-10k,NO_GIT_REPOSITORY,2026-07-22T23:01:40Z,,,,,,,,,,,,,,,,,,,,,,,,,,,,,,,,,,,,,,,,,,,,
D_historical_E3_10k,control,5,neuro-10k,NO_GIT_REPOSITORY,2026-07-22T23:01:40Z,,,,,,,,,,,,,,,,,,,,,,,,,,,,,,,,,0.5174486802890896,0.0,0.5174486802890896,0.5174486802890896,,,,,,,,
D_historical_E3_10k,sleep,5,neuro-10k,NO_GIT_REPOSITORY,2026-07-22T23:01:41Z,,,,,,,,,,,,,,,,,,,,,,,,,,,,,,,,,0.5594486802890897,0.016431676725154998,0.5474486802890897,0.5714486802890896,,,,,,,,
D_smoke_compact,full,2,neuro-biológico,NO_GIT_REPOSITORY,2026-07-22T23:01:41Z,0.2000000000000001,0.0,,,1.0,0.0,,,0.0,0.0,,,0.975,0.0,,,0.41119887486043905,0.0,,,0.0,0.0,,,,,,,,,,,,,,,n<3_no_bootstrap_CI,n<3_no_bootstrap_CI,n<3_no_bootstrap_CI,n<3_no_bootstrap_CI,n<3_no_bootstrap_CI,n<3_no_bootstrap_CI,,
D_smoke_compact,nohippo,2,neuro-biológico,NO_GIT_REPOSITORY,2026-07-22T23:01:41Z,0.2000000000000001,0.0,,,1.0,0.0,,,0.0,0.0,,,0.0,0.0,,,0.41119887486043905,0.0,,,0.0,0.0,,,,,,,,,,,,,,,n<3_no_bootstrap_CI,n<3_no_bootstrap_CI,n<3_no_bootstrap_CI,n<3_no_bootstrap_CI,n<3_no_bootstrap_CI,n<3_no_bootstrap_CI,,
D_smoke_compact,nopfc,2,neuro-biológico,NO_GIT_REPOSITORY,2026-07-22T23:01:41Z,0.0,0.0,,,0.725,0.0,,,0.5,0.0,,,0.975,0.0,,,0.41119887486043905,0.0,,,0.0,0.0,,,,,,,,,,,,,,,n<3_no_bootstrap_CI,n<3_no_bootstrap_CI,n<3_no_bootstrap_CI,n<3_no_bootstrap_CI,n<3_no_bootstrap_CI,n<3_no_bootstrap_CI,,
E_10k_smoke,full,2,neuro-10k,NO_GIT_REPOSITORY,2026-07-22T23:01:41Z,0.2000000000000001,0.0,,,0.575,0.0,,,0.0,0.0,,,0.975,0.0,,,0.41119887486043905,0.0,,,0.0,0.0,,,0.16866093149667025,0.0,,,0.0,0.0,,,,,,,n<3_no_bootstrap_CI,n<3_no_bootstrap_CI,n<3_no_bootstrap_CI,n<3_no_bootstrap_CI,n<3_no_bootstrap_CI,n<3_no_bootstrap_CI,n<3_no_bootstrap_CI,n<3_no_bootstrap_CI
E_10k_smoke,nopfc,2,neuro-10k,NO_GIT_REPOSITORY,2026-07-22T23:01:41Z,0.0,0.0,,,0.275,0.0,,,0.5,0.0,,,0.975,0.0,,,0.41119887486043905,0.0,,,0.0,0.0,,,1.4854752972273344,0.0,,,0.0,0.0,,,,,,,n<3_no_bootstrap_CI,n<3_no_bootstrap_CI,n<3_no_bootstrap_CI,n<3_no_bootstrap_CI,n<3_no_bootstrap_CI,n<3_no_bootstrap_CI,n<3_no_bootstrap_CI,n<3_no_bootstrap_CI
