task,seed,affordances,condition,phase1_success,phase1_ticks,phase2_success,phase2_ticks,phase2_thirst_delta,git_commit,timestamp_utc,profile,drank_success,ticks,preferred_good,goal_is_good
transfer_fountain,0,False,aff_off,True,1,False,100,-0.12,NO_GIT_REPOSITORY,2026-07-22T21:38:29Z,compact,,,,
discrimination,0,False,aff_off,,,,,,NO_GIT_REPOSITORY,2026-07-22T21:38:41Z,compact,False,110,True,False
transfer_fountain,0,True,aff_on,True,1,True,29,0.3,NO_GIT_REPOSITORY,2026-07-22T21:38:46Z,compact,,,,
discrimination,0,True,aff_on,,,,,,NO_GIT_REPOSITORY,2026-07-22T21:38:49Z,compact,True,22,True,True
transfer_fountain,1,False,aff_off,True,1,False,100,-0.12,NO_GIT_REPOSITORY,2026-07-22T21:39:13Z,compact,,,,
discrimination,1,False,aff_off,,,,,,NO_GIT_REPOSITORY,2026-07-22T21:39:25Z,compact,False,110,True,False
transfer_fountain,1,True,aff_on,True,1,True,29,0.3,NO_GIT_REPOSITORY,2026-07-22T21:39:30Z,compact,,,,
discrimination,1,True,aff_on,,,,,,NO_GIT_REPOSITORY,2026-07-22T21:39:33Z,compact,True,22,True,True
transfer_fountain,2,False,aff_off,True,1,False,100,-0.12,NO_GIT_REPOSITORY,2026-07-22T21:39:39Z,compact,,,,
discrimination,2,False,aff_off,,,,,,NO_GIT_REPOSITORY,2026-07-22T21:39:47Z,compact,False,110,True,False
transfer_fountain,2,True,aff_on,True,1,True,29,0.3,NO_GIT_REPOSITORY,2026-07-22T21:39:50Z,compact,,,,
discrimination,2,True,aff_on,,,,,,NO_GIT_REPOSITORY,2026-07-22T21:39:53Z,compact,True,22,True,True
transfer_fountain,3,False,aff_off,True,1,False,100,-0.12,NO_GIT_REPOSITORY,2026-07-22T21:39:59Z,compact,,,,
discrimination,3,False,aff_off,,,,,,NO_GIT_REPOSITORY,2026-07-22T21:40:10Z,compact,False,110,True,False
transfer_fountain,3,True,aff_on,True,1,True,29,0.3,NO_GIT_REPOSITORY,2026-07-22T21:40:15Z,compact,,,,
discrimination,3,True,aff_on,,,,,,NO_GIT_REPOSITORY,2026-07-22T21:40:19Z,compact,True,22,True,True
transfer_fountain,4,False,aff_off,True,1,False,100,-0.12,NO_GIT_REPOSITORY,2026-07-22T21:40:28Z,compact,,,,
discrimination,4,False,aff_off,,,,,,NO_GIT_REPOSITORY,2026-07-22T21:40:40Z,compact,False,110,True,False
transfer_fountain,4,True,aff_on,True,1,True,29,0.3,NO_GIT_REPOSITORY,2026-07-22T21:40:44Z,compact,,,,
discrimination,4,True,aff_on,,,,,,NO_GIT_REPOSITORY,2026-07-22T21:40:49Z,compact,True,22,True,True
transfer_fountain,5,False,aff_off,True,1,False,100,-0.12,NO_GIT_REPOSITORY,2026-07-22T21:40:59Z,compact,,,,
discrimination,5,False,aff_off,,,,,,NO_GIT_REPOSITORY,2026-07-22T21:41:12Z,compact,False,110,True,False
transfer_fountain,5,True,aff_on,True,1,True,29,0.3,NO_GIT_REPOSITORY,2026-07-22T21:41:16Z,compact,,,,
discrimination,5,True,aff_on,,,,,,NO_GIT_REPOSITORY,2026-07-22T21:41:20Z,compact,True,22,True,True
transfer_fountain,6,False,aff_off,True,1,False,100,-0.12,NO_GIT_REPOSITORY,2026-07-22T21:41:30Z,compact,,,,
discrimination,6,False,aff_off,,,,,,NO_GIT_REPOSITORY,2026-07-22T21:41:39Z,compact,False,110,True,False
transfer_fountain,6,True,aff_on,True,1,True,29,0.3,NO_GIT_REPOSITORY,2026-07-22T21:41:42Z,compact,,,,
discrimination,6,True,aff_on,,,,,,NO_GIT_REPOSITORY,2026-07-22T21:41:46Z,compact,True,22,True,True
transfer_fountain,7,False,aff_off,True,1,False,100,-0.12,NO_GIT_REPOSITORY,2026-07-22T21:41:53Z,compact,,,,
discrimination,7,False,aff_off,,,,,,NO_GIT_REPOSITORY,2026-07-22T21:42:04Z,compact,False,110,True,False
transfer_fountain,7,True,aff_on,True,1,True,29,0.3,NO_GIT_REPOSITORY,2026-07-22T21:42:07Z,compact,,,,
discrimination,7,True,aff_on,,,,,,NO_GIT_REPOSITORY,2026-07-22T21:42:11Z,compact,True,22,True,True
transfer_fountain,8,False,aff_off,True,1,False,100,-0.12,NO_GIT_REPOSITORY,2026-07-22T21:42:26Z,compact,,,,
discrimination,8,False,aff_off,,,,,,NO_GIT_REPOSITORY,2026-07-22T21:42:40Z,compact,False,110,True,False
transfer_fountain,8,True,aff_on,True,1,True,29,0.3,NO_GIT_REPOSITORY,2026-07-22T21:42:45Z,compact,,,,
discrimination,8,True,aff_on,,,,,,NO_GIT_REPOSITORY,2026-07-22T21:42:49Z,compact,True,22,True,True
transfer_fountain,9,False,aff_off,True,1,False,100,-0.12,NO_GIT_REPOSITORY,2026-07-22T21:42:58Z,compact,,,,
discrimination,9,False,aff_off,,,,,,NO_GIT_REPOSITORY,2026-07-22T21:43:10Z,compact,False,110,True,False
transfer_fountain,9,True,aff_on,True,1,True,29,0.3,NO_GIT_REPOSITORY,2026-07-22T21:43:14Z,compact,,,,
discrimination,9,True,aff_on,,,,,,NO_GIT_REPOSITORY,2026-07-22T21:43:17Z,compact,True,22,True,True
