seed,condition,steps,n_ticks,mean_agency,mean_spike_aligned,pfc_veto_rate,inhibited_rate,remembered_rate,mean_surprise,mean_drive_coherent,mean_homeostatic_abs_dev,final_homeostatic_abs_dev,agency_override_rate,profile,n_neurons,git_commit,timestamp_utc,survival_time
0,full,100,100,0.19799999999999962,1.0,0.99,0.99,0.99,1.0,0.0,0.8931481539130509,1.8158672890541285,0.0,neuro-biológico,624,NO_GIT_REPOSITORY,2026-07-22T21:05:58Z,MISSING_not_formalized
1,full,100,100,0.19799999999999962,1.0,0.99,0.99,0.99,1.0,0.0,0.8931481539130509,1.8158672890541285,0.0,neuro-biológico,624,NO_GIT_REPOSITORY,2026-07-22T21:06:19Z,MISSING_not_formalized
2,full,100,100,0.19799999999999962,1.0,0.99,0.99,0.99,1.0,0.0,0.8931481539130509,1.8158672890541285,0.0,neuro-biológico,624,NO_GIT_REPOSITORY,2026-07-22T21:06:40Z,MISSING_not_formalized
3,full,100,100,0.19799999999999962,1.0,0.99,0.99,0.99,1.0,0.0,0.8931481539130509,1.8158672890541285,0.0,neuro-biológico,624,NO_GIT_REPOSITORY,2026-07-22T21:07:01Z,MISSING_not_formalized
4,full,100,100,0.19799999999999962,1.0,0.99,0.99,0.99,1.0,0.0,0.8931481539130509,1.8158672890541285,0.0,neuro-biológico,624,NO_GIT_REPOSITORY,2026-07-22T21:07:23Z,MISSING_not_formalized
5,full,100,100,0.19799999999999962,1.0,0.99,0.99,0.99,1.0,0.0,0.8931481539130509,1.8158672890541285,0.0,neuro-biológico,624,NO_GIT_REPOSITORY,2026-07-22T21:07:44Z,MISSING_not_formalized
6,full,100,100,0.19799999999999962,1.0,0.99,0.99,0.99,1.0,0.0,0.8931481539130509,1.8158672890541285,0.0,neuro-biológico,624,NO_GIT_REPOSITORY,2026-07-22T21:08:04Z,MISSING_not_formalized
7,full,100,100,0.19799999999999962,1.0,0.99,0.99,0.99,1.0,0.0,0.8931481539130509,1.8158672890541285,0.0,neuro-biológico,624,NO_GIT_REPOSITORY,2026-07-22T21:08:20Z,MISSING_not_formalized
8,full,100,100,0.19799999999999962,1.0,0.99,0.99,0.99,1.0,0.0,0.8931481539130509,1.8158672890541285,0.0,neuro-biológico,624,NO_GIT_REPOSITORY,2026-07-22T21:08:37Z,MISSING_not_formalized
9,full,100,100,0.19799999999999962,1.0,0.99,0.99,0.99,1.0,0.0,0.8931481539130509,1.8158672890541285,0.0,neuro-biológico,624,NO_GIT_REPOSITORY,2026-07-22T21:08:53Z,MISSING_not_formalized
0,reactive,100,100,0.0,0.88,0.0,0.0,0.99,1.0,0.56,0.8931481539130509,1.8158672890541285,1.0,neuro-biológico,624,NO_GIT_REPOSITORY,2026-07-22T21:09:14Z,MISSING_not_formalized
1,reactive,100,100,0.0,0.88,0.0,0.0,0.99,1.0,0.56,0.8931481539130509,1.8158672890541285,1.0,neuro-biológico,624,NO_GIT_REPOSITORY,2026-07-22T21:09:35Z,MISSING_not_formalized
2,reactive,100,100,0.0,0.88,0.0,0.0,0.99,1.0,0.56,0.8931481539130509,1.8158672890541285,1.0,neuro-biológico,624,NO_GIT_REPOSITORY,2026-07-22T21:09:55Z,MISSING_not_formalized
3,reactive,100,100,0.0,0.88,0.0,0.0,0.99,1.0,0.56,0.8931481539130509,1.8158672890541285,1.0,neuro-biológico,624,NO_GIT_REPOSITORY,2026-07-22T21:10:15Z,MISSING_not_formalized
4,reactive,100,100,0.0,0.88,0.0,0.0,0.99,1.0,0.56,0.8931481539130509,1.8158672890541285,1.0,neuro-biológico,624,NO_GIT_REPOSITORY,2026-07-22T21:10:36Z,MISSING_not_formalized
5,reactive,100,100,0.0,0.88,0.0,0.0,0.99,1.0,0.56,0.8931481539130509,1.8158672890541285,1.0,neuro-biológico,624,NO_GIT_REPOSITORY,2026-07-22T21:10:56Z,MISSING_not_formalized
6,reactive,100,100,0.0,0.88,0.0,0.0,0.99,1.0,0.56,0.8931481539130509,1.8158672890541285,1.0,neuro-biológico,624,NO_GIT_REPOSITORY,2026-07-22T21:11:17Z,MISSING_not_formalized
7,reactive,100,100,0.0,0.88,0.0,0.0,0.99,1.0,0.56,0.8931481539130509,1.8158672890541285,1.0,neuro-biológico,624,NO_GIT_REPOSITORY,2026-07-22T21:11:37Z,MISSING_not_formalized
8,reactive,100,100,0.0,0.88,0.0,0.0,0.99,1.0,0.56,0.8931481539130509,1.8158672890541285,1.0,neuro-biológico,624,NO_GIT_REPOSITORY,2026-07-22T21:11:58Z,MISSING_not_formalized
9,reactive,100,100,0.0,0.88,0.0,0.0,0.99,1.0,0.56,0.8931481539130509,1.8158672890541285,1.0,neuro-biológico,624,NO_GIT_REPOSITORY,2026-07-22T21:12:18Z,MISSING_not_formalized
0,nohippo,100,100,0.19799999999999962,1.0,0.99,0.99,0.0,1.0,0.0,0.8931481539130509,1.8158672890541285,0.0,neuro-biológico,624,NO_GIT_REPOSITORY,2026-07-22T21:12:24Z,MISSING_not_formalized
1,nohippo,100,100,0.19799999999999962,1.0,0.99,0.99,0.0,1.0,0.0,0.8931481539130509,1.8158672890541285,0.0,neuro-biológico,624,NO_GIT_REPOSITORY,2026-07-22T21:12:30Z,MISSING_not_formalized
2,nohippo,100,100,0.19799999999999962,1.0,0.99,0.99,0.0,1.0,0.0,0.8931481539130509,1.8158672890541285,0.0,neuro-biológico,624,NO_GIT_REPOSITORY,2026-07-22T21:12:35Z,MISSING_not_formalized
3,nohippo,100,100,0.19799999999999962,1.0,0.99,0.99,0.0,1.0,0.0,0.8931481539130509,1.8158672890541285,0.0,neuro-biológico,624,NO_GIT_REPOSITORY,2026-07-22T21:12:41Z,MISSING_not_formalized
4,nohippo,100,100,0.19799999999999962,1.0,0.99,0.99,0.0,1.0,0.0,0.8931481539130509,1.8158672890541285,0.0,neuro-biológico,624,NO_GIT_REPOSITORY,2026-07-22T21:12:47Z,MISSING_not_formalized
5,nohippo,100,100,0.19799999999999962,1.0,0.99,0.99,0.0,1.0,0.0,0.8931481539130509,1.8158672890541285,0.0,neuro-biológico,624,NO_GIT_REPOSITORY,2026-07-22T21:12:53Z,MISSING_not_formalized
6,nohippo,100,100,0.19799999999999962,1.0,0.99,0.99,0.0,1.0,0.0,0.8931481539130509,1.8158672890541285,0.0,neuro-biológico,624,NO_GIT_REPOSITORY,2026-07-22T21:12:58Z,MISSING_not_formalized
7,nohippo,100,100,0.19799999999999962,1.0,0.99,0.99,0.0,1.0,0.0,0.8931481539130509,1.8158672890541285,0.0,neuro-biológico,624,NO_GIT_REPOSITORY,2026-07-22T21:13:04Z,MISSING_not_formalized
8,nohippo,100,100,0.19799999999999962,1.0,0.99,0.99,0.0,1.0,0.0,0.8931481539130509,1.8158672890541285,0.0,neuro-biológico,624,NO_GIT_REPOSITORY,2026-07-22T21:13:10Z,MISSING_not_formalized
9,nohippo,100,100,0.19799999999999962,1.0,0.99,0.99,0.0,1.0,0.0,0.8931481539130509,1.8158672890541285,0.0,neuro-biológico,624,NO_GIT_REPOSITORY,2026-07-22T21:13:16Z,MISSING_not_formalized
0,no_homeostasis,100,100,0.0,1.0,0.0,0.0,0.99,1.0,0.0,0.0,0.0,0.01,neuro-biológico,624,NO_GIT_REPOSITORY,2026-07-22T21:13:26Z,MISSING_not_formalized
1,no_homeostasis,100,100,0.0,1.0,0.0,0.0,0.99,1.0,0.0,0.0,0.0,0.01,neuro-biológico,624,NO_GIT_REPOSITORY,2026-07-22T21:13:36Z,MISSING_not_formalized
2,no_homeostasis,100,100,0.0,1.0,0.0,0.0,0.99,1.0,0.0,0.0,0.0,0.01,neuro-biológico,624,NO_GIT_REPOSITORY,2026-07-22T21:13:46Z,MISSING_not_formalized
3,no_homeostasis,100,100,0.0,1.0,0.0,0.0,0.99,1.0,0.0,0.0,0.0,0.01,neuro-biológico,624,NO_GIT_REPOSITORY,2026-07-22T21:13:56Z,MISSING_not_formalized
4,no_homeostasis,100,100,0.0,1.0,0.0,0.0,0.99,1.0,0.0,0.0,0.0,0.01,neuro-biológico,624,NO_GIT_REPOSITORY,2026-07-22T21:14:06Z,MISSING_not_formalized
5,no_homeostasis,100,100,0.0,1.0,0.0,0.0,0.99,1.0,0.0,0.0,0.0,0.01,neuro-biológico,624,NO_GIT_REPOSITORY,2026-07-22T21:14:17Z,MISSING_not_formalized
6,no_homeostasis,100,100,0.0,1.0,0.0,0.0,0.99,1.0,0.0,0.0,0.0,0.01,neuro-biológico,624,NO_GIT_REPOSITORY,2026-07-22T21:14:27Z,MISSING_not_formalized
7,no_homeostasis,100,100,0.0,1.0,0.0,0.0,0.99,1.0,0.0,0.0,0.0,0.01,neuro-biológico,624,NO_GIT_REPOSITORY,2026-07-22T21:14:37Z,MISSING_not_formalized
8,no_homeostasis,100,100,0.0,1.0,0.0,0.0,0.99,1.0,0.0,0.0,0.0,0.01,neuro-biológico,624,NO_GIT_REPOSITORY,2026-07-22T21:14:48Z,MISSING_not_formalized
9,no_homeostasis,100,100,0.0,1.0,0.0,0.0,0.99,1.0,0.0,0.0,0.0,0.01,neuro-biológico,624,NO_GIT_REPOSITORY,2026-07-22T21:14:58Z,MISSING_not_formalized
0,nopfc,100,100,0.0,0.87,0.0,0.0,0.99,1.0,0.45,0.8942873425300725,1.8168682127752624,0.0,neuro-biológico,624,NO_GIT_REPOSITORY,2026-07-22T21:15:22Z,MISSING_not_formalized
1,nopfc,100,100,0.0,0.87,0.0,0.0,0.99,1.0,0.45,0.8942873425300725,1.8168682127752624,0.0,neuro-biológico,624,NO_GIT_REPOSITORY,2026-07-22T21:15:47Z,MISSING_not_formalized
2,nopfc,100,100,0.0,0.87,0.0,0.0,0.99,1.0,0.45,0.8942873425300725,1.8168682127752624,0.0,neuro-biológico,624,NO_GIT_REPOSITORY,2026-07-22T21:16:12Z,MISSING_not_formalized
3,nopfc,100,100,0.0,0.87,0.0,0.0,0.99,1.0,0.45,0.8942873425300725,1.8168682127752624,0.0,neuro-biológico,624,NO_GIT_REPOSITORY,2026-07-22T21:16:37Z,MISSING_not_formalized
4,nopfc,100,100,0.0,0.87,0.0,0.0,0.99,1.0,0.45,0.8942873425300725,1.8168682127752624,0.0,neuro-biológico,624,NO_GIT_REPOSITORY,2026-07-22T21:17:01Z,MISSING_not_formalized
5,nopfc,100,100,0.0,0.87,0.0,0.0,0.99,1.0,0.45,0.8942873425300725,1.8168682127752624,0.0,neuro-biológico,624,NO_GIT_REPOSITORY,2026-07-22T21:17:28Z,MISSING_not_formalized
6,nopfc,100,100,0.0,0.87,0.0,0.0,0.99,1.0,0.45,0.8942873425300725,1.8168682127752624,0.0,neuro-biológico,624,NO_GIT_REPOSITORY,2026-07-22T21:17:53Z,MISSING_not_formalized
7,nopfc,100,100,0.0,0.87,0.0,0.0,0.99,1.0,0.45,0.8942873425300725,1.8168682127752624,0.0,neuro-biológico,624,NO_GIT_REPOSITORY,2026-07-22T21:18:18Z,MISSING_not_formalized
8,nopfc,100,100,0.0,0.87,0.0,0.0,0.99,1.0,0.45,0.8942873425300725,1.8168682127752624,0.0,neuro-biológico,624,NO_GIT_REPOSITORY,2026-07-22T21:18:44Z,MISSING_not_formalized
9,nopfc,100,100,0.0,0.87,0.0,0.0,0.99,1.0,0.45,0.8942873425300725,1.8168682127752624,0.0,neuro-biológico,624,NO_GIT_REPOSITORY,2026-07-22T21:19:09Z,MISSING_not_formalized
0,td_direct,100,100,0.0,0.98,1.0,1.0,0.99,1.0,0.0,0.7953161471796131,0.9921645775684319,1.0,neuro-biológico,624,NO_GIT_REPOSITORY,2026-07-22T21:19:36Z,MISSING_not_formalized
1,td_direct,100,100,0.0,0.98,1.0,1.0,0.99,1.0,0.0,0.7953161471796131,0.9921645775684319,1.0,neuro-biológico,624,NO_GIT_REPOSITORY,2026-07-22T21:20:01Z,MISSING_not_formalized
2,td_direct,100,100,0.0,0.98,1.0,1.0,0.99,1.0,0.0,0.7953161471796131,0.9921645775684319,1.0,neuro-biológico,624,NO_GIT_REPOSITORY,2026-07-22T21:20:24Z,MISSING_not_formalized
3,td_direct,100,100,0.0,0.98,1.0,1.0,0.99,1.0,0.0,0.7953161471796131,0.9921645775684319,1.0,neuro-biológico,624,NO_GIT_REPOSITORY,2026-07-22T21:20:48Z,MISSING_not_formalized
4,td_direct,100,100,0.0,0.98,1.0,1.0,0.99,1.0,0.0,0.7953161471796131,0.9921645775684319,1.0,neuro-biológico,624,NO_GIT_REPOSITORY,2026-07-22T21:21:14Z,MISSING_not_formalized
5,td_direct,100,100,0.0,0.98,1.0,1.0,0.99,1.0,0.0,0.7953161471796131,0.9921645775684319,1.0,neuro-biológico,624,NO_GIT_REPOSITORY,2026-07-22T21:21:43Z,MISSING_not_formalized
6,td_direct,100,100,0.0,0.98,1.0,1.0,0.99,1.0,0.0,0.7953161471796131,0.9921645775684319,1.0,neuro-biológico,624,NO_GIT_REPOSITORY,2026-07-22T21:22:11Z,MISSING_not_formalized
7,td_direct,100,100,0.0,0.98,1.0,1.0,0.99,1.0,0.0,0.7953161471796131,0.9921645775684319,1.0,neuro-biológico,624,NO_GIT_REPOSITORY,2026-07-22T21:22:40Z,MISSING_not_formalized
8,td_direct,100,100,0.0,0.98,1.0,1.0,0.99,1.0,0.0,0.7953161471796131,0.9921645775684319,1.0,neuro-biológico,624,NO_GIT_REPOSITORY,2026-07-22T21:23:08Z,MISSING_not_formalized
9,td_direct,100,100,0.0,0.98,1.0,1.0,0.99,1.0,0.0,0.7953161471796131,0.9921645775684319,1.0,neuro-biológico,624,NO_GIT_REPOSITORY,2026-07-22T21:23:36Z,MISSING_not_formalized
